School Code,Teacher,Year,Tree ID,Species Code,50% Leaf Fall
AHE,Desjarlais,2015,4,BC,295
AHE,Desjarlais,2015,5,GB,292
AHE,Desjarlais,2015,7,WO,300
AHE,Desjarlais,2015,8,RO,NA
AHE,Desjarlais,2015,10,SA,292
AHE,Desjarlais,2015,11,WB,295
AHE,Rosenthal,2010,1,SH,294
AHE,Rosenthal,2010,2,SA,281
AHE,Rosenthal,2010,3,RM,298
AHE,Rosenthal,2010,4,BC,294
AHE,Rosenthal,2010,5,GB,298
AHE,Rosenthal,2010,6,WB,295
AHE,Rosenthal,2010,7,WO,302
AHE,Rosenthal,2010,8,RO,302
AHE,Rosenthal,2010,9,BB,299
AHE,Rosenthal,2010,10,SA,280
AHE,Rosenthal,2010,11,WB,300
AHE,Rosenthal,2010,12,RM,301
AHE,Rosenthal,2011,1,SH,300
AHE,Rosenthal,2011,2,SA,295
AHE,Rosenthal,2011,3,RM,304
AHE,Rosenthal,2011,4,BC,303
AHE,Rosenthal,2011,5,GB,295
AHE,Rosenthal,2011,6,WB,293
AHE,Rosenthal,2011,7,WO,307
AHE,Rosenthal,2011,8,RO,309
AHE,Rosenthal,2011,9,BB,280
AHE,Rosenthal,2011,10,SA,294
AHE,Rosenthal,2011,11,WB,273
AHE,Rosenthal,2011,12,RM,299
AHE,Rosenthal,2012,1,SH,301
AHE,Rosenthal,2012,2,SA,294
AHE,Rosenthal,2012,3,RM,293
AHE,Rosenthal,2012,4,BC,289
AHE,Rosenthal,2012,6,WB,284
AHE,Rosenthal,2012,7,WO,307
AHE,Rosenthal,2012,8,RO,295
AHE,Rosenthal,2012,10,SA,295
AHE,Rosenthal,2012,11,WB,293
AHE,Rosenthal,2013,1,SH,298
AHE,Rosenthal,2013,2,SA,283
AHE,Rosenthal,2013,4,BC,285
AHE,Rosenthal,2013,6,WB,276
AHE,Rosenthal,2013,7,WO,NA
AHE,Rosenthal,2013,8,RO,296
AHE,Rosenthal,2013,10,SA,290
AHE,Rosenthal,2013,11,WB,NA
AHE,Rosenthal,2013,13,RM,NA
AHE,Rosenthal,2014,1,SH,294
AHE,Rosenthal,2014,2,SA,286
AHE,Rosenthal,2014,3,BC,NA
AHE,Rosenthal,2014,4,BC,NA
AHE,Rosenthal,2014,7,WO,NA
AHE,Rosenthal,2014,8,RO,295
AHE,Rosenthal,2014,10,SA,NA
AHE,Rosenthal,2014,11,WB,289
AHE,Rosenthal,2014,12,RM,290
AHE,Rosenthal,2014,13,RM,290
AHS,Scott,2006,1,WO,313
AHS,Scott,2006,2,RO,NA
AHS,Scott,2006,3,WO,NA
AHS,Scott,2006,4,SA,295
AHS,Scott,2006,5,CH,300
AHS,Scott,2008,1,PO,NA
AHS,Scott,2008,2,X1,NA
AHS,Scott,2008,3,SA,298
AHS,Scott,2008,4,CH,NA
AHS,Scott,2008,5,BE,302
AHS,Scott,2008,6,EL,NA
AHS,Scott,2011,1,RM,299
AHS,Scott,2011,2,SA,304
AHS,Scott,2011,3,WO,323
AHS,Scott,2011,4,RM,316
AHS,Scott,2011,5,PO,299
AHS,Scott,2011,6,SA,316
APS,Blewitt,2006,1,WP,NA
APS,Blewitt,2006,2,GB,281
APS,Blewitt,2006,3,GB,284
APS,Blewitt,2006,4,RP,NA
APS,Blewitt,2006,5,BC,293
APS,Blewitt,2006,6,BO,302
APS,Blewitt,2006,7,GB,298
APS,Blewitt,2006,8,TA,261
APS,Blewitt,2006,9,RM,269
APS,Blewitt,2006,10,OT,279
APS,Blewitt,2006,11,OT,267
APS,Blewitt,2006,12,OT,290
APS,Blewitt,2007,1,WP,NA
APS,Blewitt,2007,2,GB,292
APS,Blewitt,2007,3,GB,301
APS,Blewitt,2007,4,RP,285
APS,Blewitt,2007,5,BC,294
APS,Blewitt,2007,6,BO,298
APS,Blewitt,2007,7,GB,285
APS,Blewitt,2007,8,TA,NA
APS,Blewitt,2007,9,RM,296
APS,Blewitt,2007,10,SV,292
APS,Blewitt,2007,11,MA,276
APS,Blewitt,2007,12,HL,291
APS,Blewitt,2008,1,WP,NA
APS,Blewitt,2008,2,GB,271
APS,Blewitt,2008,3,GB,268
APS,Blewitt,2008,4,RP,NA
APS,Blewitt,2008,5,BC,290
APS,Blewitt,2008,6,BO,305
APS,Blewitt,2008,7,GB,301
APS,Blewitt,2008,8,TA,301
APS,Blewitt,2008,9,RM,294
APS,Blewitt,2008,10,SV,302
APS,Blewitt,2008,13,RM,293
APS,Blewitt,2008,14,RM,NA
APS,Blewitt,2008,14,SM,NA
APS,Blewitt,2009,5,BC,297
APS,Blewitt,2009,6,BO,306
APS,Blewitt,2009,7,GB,300
APS,Blewitt,2009,8,TA,306
APS,Blewitt,2009,14,SM,299
APS,Blewitt,2009,15,WO,296
APS,Blewitt,2009,16,BO,296
APS,Blewitt,2009,17,BO,294
APS,Blewitt,2009,18,NM,303
APS,Blewitt,2009,19,RM,294
APS,Blewitt,2010,5,BC,NA
APS,Blewitt,2010,6,BO,304
APS,Blewitt,2010,7,GB,NA
APS,Blewitt,2010,8,TA,300
APS,Blewitt,2010,14,SM,298
APS,Blewitt,2010,15,WO,NA
APS,Blewitt,2010,16,BO,300
APS,Blewitt,2010,17,BO,305
APS,Blewitt,2010,18,NM,295
APS,Blewitt,2010,19,RM,297
APS,Blewitt,2010,20,BO,303
APS,Blewitt,2010,21,SV,281
APS,Blewitt,2011,5,BC,297
APS,Blewitt,2011,7,GB,297
APS,Blewitt,2011,8,TA,276
APS,Blewitt,2011,14,SM,307
APS,Blewitt,2011,16,BO,320
APS,Blewitt,2011,17,BO,326
APS,Blewitt,2011,18,NM,320
APS,Blewitt,2011,19,RM,306
APS,Blewitt,2011,20,BO,315
APS,Blewitt,2011,21,SV,304
APS,Blewitt,2012,14,SM,296
APS,Blewitt,2012,18,NM,299
APS,Blewitt,2012,19,RM,293
APS,Blewitt,2012,21,SV,290
APS,Blewitt,2012,22,NM,293
APS,Blewitt,2012,23,RM,297
APS,Blewitt,2013,5,BC,282
APS,Blewitt,2013,16,BO,311
APS,Blewitt,2013,17,BO,NA
APS,Blewitt,2013,18,NM,289
APS,Blewitt,2013,20,BO,NA
APS,Blewitt,2013,22,SM,297
APS,Blewitt,2013,23,RM,299
APS,Blewitt,2013,24,WO,301
ARM,Miller,2004,1,YB,305
ARM,Miller,2004,2,CH,298
ARM,Miller,2004,3,RM,282
ARM,Miller,2004,4,RM,289
ARM,Miller,2004,5,CH,297
ARM,Miller,2004,6,WH,296
ARM,Miller,2004,7,RM,NA
ARM,Miller,2005,1,YB,297
ARM,Miller,2005,2,CH,301
ARM,Miller,2005,3,RM,277
ARM,Miller,2005,4,RM,286
ARM,Miller,2005,5,CH,299
ARM,Miller,2005,6,WH,300
ARM,Miller,2005,7,RM,280
ARM,Miller,2005,8,BE,308
ARM,Miller,2005,9,RM,289
ARM,Miller,2005,10,BE,314
ARM,Miller,2005,11,HA,286
ARM,Miller,2006,1,YB,278
ARM,Miller,2006,2,CH,291
ARM,Miller,2006,3,RM,277
ARM,Miller,2006,4,RM,288
ARM,Miller,2006,5,CH,290
ARM,Miller,2006,6,WH,287
ARM,Miller,2006,7,RM,277
ARM,Miller,2006,8,BE,301
ARM,Miller,2006,9,RM,279
ARM,Miller,2006,10,BE,302
ARM,Miller,2006,11,HA,277
ARM,Miller,2007,1,YB,274
ARM,Miller,2007,2,CH,273
ARM,Miller,2007,3,RM,269
ARM,Miller,2007,4,RM,283
ARM,Miller,2007,5,CH,290
ARM,Miller,2007,6,WH,292
ARM,Miller,2007,7,RM,267
ARM,Miller,2007,8,BE,279
ARM,Miller,2007,9,RM,290
ARM,Miller,2007,10,BE,314
ARM,Miller,2007,11,HA,287
ARM,Miller,2008,1,YB,283
ARM,Miller,2008,2,CH,284
ARM,Miller,2008,3,RM,282
ARM,Miller,2008,4,RM,287
ARM,Miller,2008,5,CH,290
ARM,Miller,2008,6,WH,293
ARM,Miller,2008,7,RM,291
ARM,Miller,2008,8,BE,NA
ARM,Miller,2008,9,RM,285
ARM,Miller,2008,10,BE,301
ARM,Miller,2008,12,HA,283
ARM,Miller,2009,1,YB,277
ARM,Miller,2009,2,CH,277
ARM,Miller,2009,3,RM,287
ARM,Miller,2009,4,RM,289
ARM,Miller,2009,5,CH,297
ARM,Miller,2009,6,WH,292
ARM,Miller,2009,7,RM,287
ARM,Miller,2009,8,BE,300
ARM,Miller,2009,9,RM,278
ARM,Miller,2009,10,BE,297
ARM,Miller,2009,12,HA,272
ATM,Hanlon,2012,1,NM,328
ATM,Hanlon,2012,4,SV,324
ATM,Hanlon,2012,13,WI,335
ATM,Hanlon,2012,14,CO,303
ATM,Hanlon,2012,15,FD,312
ATM,Hanlon,2012,17,MM,303
ATM,Hanlon,2012,18,FD,324
AWM,Theberge,2013,1,RO,302
AWM,Theberge,2013,2,GB,294
AWM,Theberge,2013,3,LA,293
AWM,Theberge,2013,4,RM,292
AWM,Theberge,2013,5,YB,288
AWM,Theberge,2013,6,SM,294
AWM,Theberge,2014,1,RO,320
AWM,Theberge,2014,2,YB,279
AWM,Theberge,2014,3,LA,NA
AWM,Theberge,2014,4,RM,288
AWM,Theberge,2014,5,YB,289
AWM,Theberge,2014,6,SM,305
BBH,Mowry,2011,1,SM,NA
BBH,Mowry,2011,2,BE,NA
BBH,Mowry,2011,3,ST,279
BBH,Mowry,2011,4,BW,279
BBH,Mowry,2011,5,BE,275
BBH,Mowry,2011,6,BW,269
BBH,Mowry,2011,7,IW,271
BBH,Mowry,2011,8,AD,272
BBH,Mowry,2012,1,BE,279
BBH,Mowry,2012,2,RM,271
BBH,Mowry,2012,3,SM,279
BBH,Mowry,2012,4,YB,275
BBH,Mowry,2012,5,YB,273
BBH,Mowry,2012,6,BB,272
BBH,Mowry,2012,7,YB,NA
BBH,Mowry,2012,8,SM,278
BBH,Mowry,2012,9,BE,279
BBH,Mowry,2012,10,BE,279
BES,McGowan,2009,1,BB,296
BES,McGowan,2009,2,RO,300
BES,McGowan,2009,3,RM,293
BES,McGowan,2009,4,BB,296
BES,Meehan,2009,5,RM,279
BES,Meehan,2009,6,RM,283
BES,Meehan,2009,7,RM,285
BES,Meehan,2009,8,BB,289
BES,Meehan,2010,5,RM,279
BES,Meehan,2010,6,RM,288
BES,Meehan,2010,7,RM,277
BES,Meehan,2010,8,BB,280
BES,Meehan,2011,5,RM,283
BES,Meehan,2011,6,RM,290
BES,Meehan,2011,7,RM,290
BES,Meehan,2011,8,BE,297
BHS,Levy,2009,1,RO,NA
BHS,Levy,2009,2,RM,276
BHS,Levy,2009,3,GB,280
BHS,Levy,2009,4,PH,285
BHS,Levy,2009,5,TA,293
BHS,Levy,2009,6,RM,287
BHS,Levy,2009,7,RO,303
BHS,Levy,2009,8,GB,293
BHS,Levy,2010,1,RO,327
BHS,Levy,2010,2,RM,267
BHS,Levy,2010,3,GB,285
BHS,Levy,2010,4,PH,277
BHS,Levy,2010,5,TA,302
BHS,Levy,2010,6,RM,289
BHS,Levy,2010,7,RO,321
BHS,Levy,2010,8,GB,307
BHS,Levy,2011,1,RO,NA
BHS,Levy,2011,2,RM,293
BHS,Levy,2011,3,GB,NA
BHS,Levy,2011,4,PH,289
BHS,Levy,2011,5,TA,NA
BHS,Levy,2011,6,RM,300
BHS,Levy,2011,7,RO,310
BHS,Levy,2011,8,GB,295
BHS,Levy,2012,1,RO,302
BHS,Levy,2012,2,RM,287
BHS,Levy,2012,3,GB,292
BHS,Levy,2012,4,PH,283
BHS,Levy,2012,6,RM,298
BHS,Levy,2012,7,RO,302
BHS,Levy,2012,8,GB,290
BHS,Levy,2012,10,TA,308
BHS,Levy,2013,1,RO,NA
BHS,Levy,2013,2,RM,282
BHS,Levy,2013,3,GB,275
BHS,Levy,2013,4,PH,275
BHS,Levy,2013,6,RM,292
BHS,Levy,2013,7,RO,NA
BHS,Levy,2013,8,GB,296
BHS,Levy,2013,10,TA,298
BHS,Levy,2014,1,RO,288
BHS,Levy,2014,2,RM,276
BHS,Levy,2014,3,GB,287
BHS,Levy,2014,4,PH,275
BHS,Levy,2014,6,RM,287
BHS,Levy,2014,7,RO,292
BHS,Levy,2014,8,GB,276
BHS,Levy,2014,10,TA,281
BHS,Levy,2015,1,RO,306
BHS,Levy,2015,2,RM,293
BHS,Levy,2015,3,GB,302
BHS,Levy,2015,4,PH,285
BHS,Levy,2015,6,RM,296
BHS,Levy,2015,7,RO,299
BHS,Levy,2015,8,GB,302
BHS,Levy,2015,10,TA,309
BKE,Natola,2012,1,CT,301
BKE,Natola,2012,2,BO,313
BKE,Natola,2012,3,GB,325
BKE,Natola,2012,4,BO,313
BKE,Natola,2012,5,BO,323
BME,Pyskaty,2007,1,RM,295
BME,Pyskaty,2007,2,BL,270
BME,Pyskaty,2007,3,RM,313
BRH,Juo,2011,1,BW,315
BRH,Juo,2011,2,RM,315
BRH,Juo,2011,3,PO,323
BRH,Juo,2011,4,RE,315
BRH,Juo,2012,1,RM,310
BRH,Juo,2012,2,BW,307
BRH,Juo,2012,3,BW,313
BRH,Juo,2012,4,RE,326
CCE,Capeless,2008,1,BX,279
CCE,Capeless,2008,2,BX,291
CCE,Capeless,2008,3,AP,287
CCE,Capeless,2008,4,RM,289
CCE,Capeless,2008,5,EL,NA
CCE,Capeless,2008,6,BW,290
CCE,Capeless,2008,7,HO,283
CCE,Capeless,2008,8,TA,276
CCE,Capeless,2008,9,BE,NA
CCE,Capeless,2008,10,HL,293
CCE,Capeless,2008,11,BE,NA
CCE,Capeless,2008,12,RM,NA
CCE,Capeless,2008,13,FD,282
CCE,Capeless,2009,1,BX,276
CCE,Capeless,2009,2,BX,274
CCE,Capeless,2009,3,AP,294
CCE,Capeless,2009,4,RM,294
CCE,Capeless,2009,5,EL,276
CCE,Capeless,2009,6,BW,276
CCE,Capeless,2009,7,HO,266
CCE,Capeless,2009,8,TA,281
CCE,Capeless,2009,9,BE,302
CCE,Capeless,2009,10,HL,274
CCE,Capeless,2009,11,BE,300
CCE,Capeless,2009,12,RM,283
CCE,Capeless,2009,13,FD,267
CCE,Capeless,2010,1,BX,263
CCE,Capeless,2010,2,BX,292
CCE,Capeless,2010,3,AP,296
CCE,Capeless,2010,4,RM,272
CCE,Capeless,2010,5,EL,274
CCE,Capeless,2010,6,BW,281
CCE,Capeless,2010,7,HO,274
CCE,Capeless,2010,8,TA,296
CCE,Capeless,2010,9,BE,296
CCE,Capeless,2010,10,HL,281
CCE,Capeless,2010,11,BE,302
CCE,Capeless,2010,12,RM,299
CCE,Capeless,2010,13,FD,299
CCE,Capeless,2011,1,BX,259
CCE,Capeless,2011,2,BX,291
CCE,Capeless,2011,3,AP,298
CCE,Capeless,2011,4,RM,293
CCE,Capeless,2011,5,EL,273
CCE,Capeless,2011,6,BW,273
CCE,Capeless,2011,7,HO,273
CCE,Capeless,2011,8,TA,308
CCE,Capeless,2011,9,BE,308
CCE,Capeless,2011,10,HL,269
CCE,Capeless,2011,11,BE,301
CCE,Capeless,2011,12,RM,302
CCE,Capeless,2011,13,FD,298
CCE,Capeless,2012,2,BX,284
CCE,Capeless,2012,3,AP,298
CCE,Capeless,2012,4,RM,293
CCE,Capeless,2012,5,EL,276
CCE,Capeless,2012,6,BW,270
CCE,Capeless,2012,7,HO,284
CCE,Capeless,2012,8,TA,277
CCE,Capeless,2012,9,BE,298
CCE,Capeless,2012,10,HL,280
CCE,Capeless,2012,11,BE,299
CCE,Capeless,2012,12,RM,293
CCE,Capeless,2012,13,FD,293
CCE,Capeless,2013,2,BX,277
CCE,Capeless,2013,3,AP,288
CCE,Capeless,2013,4,RM,279
CCE,Capeless,2013,5,EL,296
CCE,Capeless,2013,6,BW,263
CCE,Capeless,2013,7,HO,273
CCE,Capeless,2013,8,TA,274
CCE,Capeless,2013,9,BE,312
CCE,Capeless,2013,10,HL,263
CCE,Capeless,2013,11,BE,291
CCE,Capeless,2013,12,RM,291
CCE,Capeless,2013,13,FD,281
CCE,Capeless,2014,2,BX,275
CCE,Capeless,2014,3,AP,298
CCE,Capeless,2014,4,RM,285
CCE,Capeless,2014,5,EL,276
CCE,Capeless,2014,6,BW,273
CCE,Capeless,2014,7,HO,287
CCE,Capeless,2014,8,TA,285
CCE,Capeless,2014,9,BE,302
CCE,Capeless,2014,10,HL,280
CCE,Capeless,2014,11,BE,296
CCE,Capeless,2014,13,FD,276
CCH,Murphy,2009,1,AP,299
CCH,Murphy,2009,2,AP,NA
CCH,Murphy,2009,3,AP,295
CCH,Murphy,2009,4,LL,279
CCH,Murphy,2009,5,PE,296
CCH,Murphy,2009,6,WO,NA
CCH,Murphy,2009,7,FD,281
CCH,Murphy,2009,8,WB,292
CCH,Murphy,2009,9,AP,NA
CCH,Murphy,2010,10,CH,NA
CCH,Murphy,2010,11,RM,NA
CCH,Murphy,2010,12,RM,NA
CCH,Murphy,2010,13,RM,NA
CCH,Murphy,2010,14,RM,288
CCH,Murphy,2010,15,RM,NA
CCH,Murphy,2010,16,RM,NA
CCH,Murphy,2010,17,RM,289
CCH,Murphy,2010,18,RM,280
CCH,Murphy,2010,19,RM,291
CCH,Murphy,2010,20,BN,271
CCH,Murphy,2010,21,BW,273
CCH,Murphy,2010,22,BC,277
CCH,Murphy,2010,23,BN,262
CCH,Murphy,2010,24,TA,298
CCH,Murphy,2010,25,TA,298
CCH,Murphy,2010,26,BN,298
CCH,Murphy,2010,27,BN,284
CCH,Murphy,2011,20,BN,267
CCH,Murphy,2011,21,BW,295
CCH,Murphy,2011,22,BC,301
CCH,Murphy,2011,23,BN,267
CCH,Murphy,2011,25,TA,299
CCH,Murphy,2011,26,BN,267
CCH,Murphy,2011,27,BN,275
CCH,Murphy,2011,28,NM,305
CCH,Murphy,2011,29,RM,312
CCH,Murphy,2011,30,RM,313
CCH,Murphy,2012,10,CH,290
CCH,Murphy,2012,11,RM,296
CCH,Murphy,2012,12,RM,285
CCH,Murphy,2012,13,RM,284
CCH,Murphy,2012,14,RM,292
CCH,Murphy,2012,15,RM,294
CCH,Murphy,2012,16,RM,288
CCH,Murphy,2012,17,RM,287
CCH,Murphy,2012,18,RM,295
CCH,Murphy,2012,19,RM,283
CCH,Murphy,2012,20,BN,274
CCH,Murphy,2012,21,BW,292
CCH,Murphy,2012,22,BC,285
CCH,Murphy,2012,25,TA,287
CCH,Murphy,2012,26,BN,270
CCH,Murphy,2012,27,BN,280
CCH,Murphy,2012,28,NM,NA
CCH,Murphy,2012,29,RM,NA
CCH,Murphy,2012,30,RM,292
CCH,Murphy,2012,31,TA,292
CCH,Murphy,2013,10,CH,292
CCH,Murphy,2013,11,RM,296
CCH,Murphy,2013,12,RM,280
CCH,Murphy,2013,13,RM,275
CCH,Murphy,2013,14,RM,281
CCH,Murphy,2013,15,RM,290
CCH,Murphy,2013,16,RM,276
CCH,Murphy,2013,17,RM,283
CCH,Murphy,2013,18,RM,285
CCH,Murphy,2013,19,RM,285
CCH,Murphy,2013,20,BN,279
CCH,Murphy,2013,21,BW,292
CCH,Murphy,2013,26,BN,281
CCH,Murphy,2013,27,BN,283
CCH,Murphy,2013,28,NM,298
CCH,Murphy,2013,29,RM,296
CCH,Murphy,2013,30,RM,304
CCH,Murphy,2013,33,TA,302
CCH,Murphy,2013,34,BN,280
CCH,Murphy,2013,35,BN,277
CCH,Murphy,2014,10,CH,295
CCH,Murphy,2014,11,RM,289
CCH,Murphy,2014,12,RM,285
CCH,Murphy,2014,13,RM,289
CCH,Murphy,2014,14,RM,272
CCH,Murphy,2014,15,RM,292
CCH,Murphy,2014,16,RM,288
CCH,Murphy,2014,17,RM,282
CCH,Murphy,2014,18,RM,284
CCH,Murphy,2014,19,RM,271
CCH,Murphy,2014,20,BN,267
CCH,Murphy,2014,21,BW,275
CCH,Murphy,2014,26,BN,267
CCH,Murphy,2014,27,BN,287
CCH,Murphy,2014,28,NM,290
CCH,Murphy,2014,29,RM,296
CCH,Murphy,2014,30,RM,292
CCH,Murphy,2014,33,TA,276
CCH,Murphy,2014,34,BN,268
CCH,Murphy,2014,35,BN,267
CHH,Bruell,2013,1,SM,302
CHH,Bruell,2013,2,FD,NA
CHH,Bruell,2013,3,HL,273
CHH,Bruell,2013,4,BW,299
CHH,Bruell,2013,5,RM,286
CHH,Bruell,2013,6,BO,294
CHH,Bruell,2013,7,CW,297
CHH,Bruell,2013,8,TA,290
CHH,Bruell,2013,9,BC,294
CHH,Bruell,2013,10,GB,300
CHH,Bruell,2013,11,RO,295
CHH,Bruell,2013,12,OS,291
CHH,Bruell,2014,7,CW,295
CHH,Bruell,2014,9,BC,290
CHH,Bruell,2014,10,GB,298
CHH,Bruell,2014,11,RO,301
CHH,Bruell,2014,12,OS,296
CLE,Dwyer,2012,1,NM,NA
CLE,Dwyer,2012,2,TA,288
CLE,Dwyer,2012,3,BC,NA
CLE,Dwyer,2012,4,BX,305
CLE,Dwyer,2012,5,SV,NA
CMS,Liu,2013,1,CH,283
CMS,Liu,2013,2,WO,NA
CMS,Liu,2013,3,RO,NA
CMS,Liu,2013,4,WO,NA
CMS,Liu,2013,5,WO,301
CMS,Liu,2013,6,RM,283
CMS,Liu,2013,7,RM,294
CMS,Liu,2013,8,RM,281
CMS,Liu,2013,9,RM,280
CMS,Liu,2013,10,RM,277
DFA,Farrow,2011,1,SM,290
DFA,Farrow,2011,2,BB,305
DFA,Farrow,2012,1,SM,297
DFA,Farrow,2012,2,BB,293
DFA,Farrow,2013,1,SM,290
DFA,Farrow,2013,2,BB,286
DFA,Farrow,2014,1,SM,291
DFA,Farrow,2014,2,BB,282
DFA,Farrow,2015,1,SM,285
DFA,Farrow,2015,2,BB,287
DFA,Farrow,2015,3,SV,299
DHE,Skillings,2007,1,WO,318
DHE,Skillings,2007,2,BE,304
DHE,Skillings,2007,3,BO,318
DHE,Skillings,2007,4,BO,NA
DHE,Skillings,2007,5,WA,283
DHE,Skillings,2007,6,BE,299
DHE,Skillings,2007,7,BE,295
DHE,Skillings,2007,8,SM,294
DHE,Skillings,2007,9,SM,306
DHE,Skillings,2007,10,BE,311
DHE,Skillings,2008,1,WO,302
DHE,Skillings,2008,2,AP,304
DHE,Skillings,2008,3,WO,NA
DHE,Skillings,2008,4,RO,NA
DHE,Skillings,2008,5,WA,300
DHE,Skillings,2008,6,BE,278
DHE,Skillings,2008,7,BE,292
DHE,Skillings,2008,8,SM,310
DHE,Skillings,2008,9,SM,300
DHE,Skillings,2008,11,YB,290
DHE,Skillings,2008,12,AP,294
DHE,Skillings,2009,1,WO,299
DHE,Skillings,2009,3,BO,NA
DHE,Skillings,2009,4,BO,NA
DHE,Skillings,2009,5,WA,288
DHE,Skillings,2009,7,BE,279
DHE,Skillings,2009,8,BE,286
DHE,Skillings,2009,9,SM,294
DHE,Skillings,2009,12,PB,NA
DHE,Skillings,2009,13,BC,302
DHE,Skillings,2009,14,SM,292
DHE,Skillings,2009,15,AP,288
DHE,Skillings,2010,1,WO,NA
DHE,Skillings,2010,3,BO,NA
DHE,Skillings,2010,4,BO,NA
DHE,Skillings,2010,5,WA,288
DHE,Skillings,2010,7,BE,297
DHE,Skillings,2010,8,BE,296
DHE,Skillings,2010,9,SM,297
DHE,Skillings,2010,12,PB,289
DHE,Skillings,2010,13,BC,295
DHE,Skillings,2010,14,SM,289
DHE,Skillings,2010,15,AP,296
DHE,Skillings,2011,1,WO,293
DHE,Skillings,2011,2,WO,NA
DHE,Skillings,2011,3,BO,NA
DHE,Skillings,2011,4,BO,NA
DHE,Skillings,2011,5,WA,288
DHE,Skillings,2011,7,BE,318
DHE,Skillings,2011,8,BE,308
DHE,Skillings,2011,9,SM,297
DHE,Skillings,2011,13,BC,307
DHE,Skillings,2011,14,SM,296
DHE,Skillings,2011,15,AP,283
DHE,Skillings,2012,1,WO,295
DHE,Skillings,2012,2,BE,NA
DHE,Skillings,2012,3,BO,NA
DHE,Skillings,2012,4,BO,NA
DHE,Skillings,2012,5,WA,287
DHE,Skillings,2012,6,BE,292
DHE,Skillings,2012,7,BE,298
DHE,Skillings,2012,8,SM,284
DHE,Skillings,2012,13,BC,301
DHE,Skillings,2012,14,SM,289
DHE,Skillings,2012,15,AP,294
DHE,Skillings,2013,1,WO,291
DHE,Skillings,2013,2,BE,300
DHE,Skillings,2013,3,BO,NA
DHE,Skillings,2013,4,BO,NA
DHE,Skillings,2013,5,WA,284
DHE,Skillings,2013,8,SM,299
DHE,Skillings,2013,9,SM,299
DHE,Skillings,2013,13,BC,292
DHE,Skillings,2013,14,SM,299
DHE,Skillings,2013,16,SM,NA
DHE,Skillings,2014,1,WO,NA
DHE,Skillings,2014,2,BE,295
DHE,Skillings,2014,3,BO,NA
DHE,Skillings,2014,4,BO,NA
DHE,Skillings,2014,5,WA,279
DHE,Skillings,2014,7,BE,NA
DHE,Skillings,2014,8,BE,294
DHE,Skillings,2014,9,SM,285
DHE,Skillings,2014,13,BC,292
DHE,Skillings,2014,14,SM,286
DHE,Skillings,2014,15,AP,286
DHE,Skillings,2014,16,SM,293
DHE,Skillings,2014,17,BC,287
DMS,Farrow,2010,1,BO,NA
DPE,Eichorn,2004,1,RM,282
DPE,Eichorn,2004,2,PC,282
DPE,Eichorn,2004,3,BE,282
DPE,Eichorn,2004,4,RO,NA
DPE,Eichorn,2005,1,RO,311
DPE,Eichorn,2005,2,PC,274
DPE,Eichorn,2005,3,RM,312
DPE,Eichorn,2005,4,BE,313
DVM,Warburton,2015,1,SM,299
DVM,Warburton,2015,2,SM,304
EBH,Croft,2007,4,RM,NA
EBH,Croft,2007,6,WO,NA
EBH,Croft,2007,7,WO,NA
EDE,Ockene,2007,1,RM,NA
EDE,Ockene,2007,2,WB,321
EDE,Ockene,2007,3,BW,303
EDE,Ockene,2007,4,FD,292
EDE,Ockene,2007,5,GD,NA
EDE,Ockene,2008,2,WB,329
EDE,Ockene,2008,6,AP,305
EDE,Ockene,2008,7,SB,309
EDE,Ockene,2008,8,SM,305
EDE,Ockene,2008,9,TP,301
EHS,Rhodes,2007,2,BL,299
EHS,Rhodes,2007,3,BL,300
EHS,Rhodes,2007,4,BL,310
EHS,Rhodes,2007,5,BL,295
EHS,Rhodes,2007,6,BL,293
EHS,Rhodes,2007,7,BL,302
EHS,Rhodes,2007,8,BL,306
EHS,Rhodes,2007,9,BL,301
EHS,Rhodes,2007,10,BL,301
EHS,Rhodes,2007,12,BL,314
EHS,Rhodes,2007,13,BL,315
EHS,Rhodes,2007,14,BL,314
EHS,Rhodes,2007,15,BL,314
EHS,Rhodes,2007,16,BL,306
EHS,Rhodes,2007,17,BL,293
FAH,Curtis,2012,1,WB,283
FAH,Curtis,2012,2,WB,294
FAH,Curtis,2012,3,SV,293
FAH,Curtis,2012,4,RO,289
FAM,Zine,2014,1,TP,311
FAM,Zine,2014,2,BW,322
FAM,Zine,2014,3,SG,NA
FAM,Zine,2014,4,NM,297
FAM,Zine,2014,5,BE,307
FCT,Klaiber,2006,1,RO,285
FCT,Klaiber,2006,2,WO,NA
FCT,Klaiber,2006,3,GB,273
FCT,Klaiber,2006,4,RM,284
FCT,Klaiber,2006,5,CT,278
FCT,Klaiber,2006,6,BL,263
FCT,Klaiber,2006,7,CW,289
FCT,Klaiber,2007,1,RO,319
FCT,Klaiber,2007,2,WO,292
FCT,Klaiber,2007,3,GB,260
FCT,Klaiber,2007,4,CT,284
FCT,Klaiber,2007,4,RM,284
FCT,Klaiber,2007,5,CT,264
FCT,Klaiber,2007,6,BL,268
FCT,Klaiber,2007,7,CW,247
FMS,Shluger,2006,1,RM,284
FMS,Shluger,2006,2,SM,312
FMS,Shluger,2006,3,RO,301
FMS,Shluger,2006,5,GB,286
FMS,Shluger,2007,3,R0,304
FMS,Shluger,2007,5,GB,296
FMS,Shluger,2007,7,LA,314
FMS,Shluger,2007,8,TA,306
FMS,Shluger,2007,9,RO,NA
FMS,Shluger,2007,10,RM,306
FMS,Shluger,2008,2,SM,NA
FMS,Shluger,2008,3,RO,301
FMS,Shluger,2008,5,GB,273
FMS,Shluger,2008,7,LA,306
FMS,Shluger,2008,8,TA,303
FMS,Shluger,2008,9,RO,NA
FMS,Shluger,2008,10,RM,299
FMS,Shluger,2009,11,RM,296
FMS,Shluger,2009,13,PO,NA
FMS,Shluger,2009,14,TA,303
FMS,Shluger,2009,15,GB,300
FMS,Shluger,2010,13,PO,307
FMS,Shluger,2010,14,TA,294
FMS,Shluger,2010,15,GB,300
FMS,Shluger,2011,13,PO,NA
FMS,Shluger,2011,14,TA,296
FMS,Shluger,2011,15,GB,291
FRE,Lamdin,2004,1,NM,300
FRE,Lamdin,2004,2,WB,301
FRE,Lamdin,2004,3,MM,304
FRE,Lamdin,2004,4,MM,291
FRE,Lamdin,2004,5,PO,NA
FRE,Lamdin,2004,6,RM,294
FRE,Lamdin,2004,7,RM,294
FRM,Farwell,2015,1,BE,NA
FRM,Farwell,2015,2,RO,NA
FRM,Farwell,2015,3,RO,NA
FRM,Farwell,2015,4,BE,NA
FRM,Farwell,2015,5,RM,296
FRM,Farwell,2015,6,BB,293
FRM,Farwell,2015,7,RO,NA
FRM,Farwell,2015,8,BB,290
FRM,Farwell,2015,9,RM,297
FRM,Gilbert,2011,0,FD,291
FRM,Gilbert,2011,1,BX,289
FRM,Gilbert,2011,2,BC,270
FRM,Gilbert,2011,3,FD,291
FRM,Gilbert,2011,4,BC,276
FRM,Gilbert,2011,5,EL,286
FRM,Gilbert,2011,6,BX,286
FRM,Gilbert,2011,7,SV,284
FRM,Gilbert,2011,8,SV,291
FRM,Gilbert,2014,1,BE,307
FRM,Gilbert,2014,2,RO,298
FRM,Gilbert,2014,3,RO,297
FRM,Gilbert,2014,4,BE,297
FRM,Gilbert,2014,5,RM,286
FRM,Gilbert,2014,6,BB,278
FRM,Gilbert,2014,7,RO,294
FRM,Gilbert,2014,8,BB,283
FRM,Gilbert,2014,9,RM,288
FSE,Frankian-Kelly,2008,1,TA,282
FSE,Frankian-Kelly,2008,2,BE,295
FSE,Frankian-Kelly,2008,3,RM,284
FSE,Frankian-Kelly,2008,4,WB,287
FSE,Frankian-Kelly,2008,5,SA,293
FSE,Frankian-Kelly,2008,6,EL,303
FSE,Frankian-Kelly,2008,7,GB,294
FSE,Frankian-Kelly,2008,8,SH,304
FSE,Frankian-Kelly,2008,9,PO,296
FSE,Frankian-Kelly,2008,10,SM,300
FYH,Perdrizet,2015,1,CT,291
FYH,Perdrizet,2015,2,BN,281
FYH,Perdrizet,2015,3,SM,303
FYH,Perdrizet,2015,4,SM,311
FYH,Perdrizet,2015,5,SM,299
FYH,Perdrizet,2015,6,OS,311
FYH,Perdrizet,2015,7,PO,313
FYH,Perdrizet,2015,8,RM,313
FYH,Perdrizet,2015,9,PO,NA
FYH,Perdrizet,2015,10,PO,304
FYH,Perdrizet,2015,11,PO,304
GAM,Austin,2014,1,GB,283
GAM,Austin,2014,2,BE,293
GAM,Austin,2014,3,MA,292
GAM,Austin,2014,4,RM,290
GAM,Austin,2014,5,TA,275
GDH,McCracken,2011,1,RO,313
GDH,McCracken,2011,2,WO,332
GDH,McCracken,2011,3,RM,302
GDH,McCracken,2011,4,GB,306
GDH,McCracken,2011,5,RO,303
GDH,McCracken,2012,1,RO,299
GDH,McCracken,2012,2,WO,313
GDH,McCracken,2012,3,RM,289
GDH,McCracken,2012,4,GB,304
GDH,McCracken,2012,6,RM,283
GDH,McCracken,2012,7,BU,302
GDH,McCracken,2013,1,RO,301
GDH,McCracken,2013,2,WO,300
GDH,McCracken,2013,3,RM,286
GDH,McCracken,2013,4,GB,294
GDH,McCracken,2014,1,RO,309
GDH,McCracken,2014,2,WO,284
GDH,McCracken,2014,3,RM,285
GDH,McCracken,2014,4,GB,311
GDH,McCracken,2014,5,RO,299
GDH,McCracken,2014,6,RM,273
GDH,McCracken,2014,8,GB,303
GDH,McCracken,2015,1,RO,317
GDH,McCracken,2015,2,WO,314
GDH,McCracken,2015,3,RM,295
GDH,McCracken,2015,4,GB,308
GRH,Tata,2014,53,BE,304
GRH,Tata,2014,54,BE,310
GRH,Tata,2014,55,ST,310
GRH,Tata,2014,56,RM,286
GRH,Tata,2014,58,RM,285
GRH,Tata,2014,59,WO,300
GRH,Tata,2014,60,WO,290
GRH,Van Valkenburg,2008,1,BC,273
GRH,Van Valkenburg,2008,2,WB,285
GRH,Van Valkenburg,2008,3,BE,308
GRH,Van Valkenburg,2008,4,RM,NA
GRH,Van Valkenburg,2008,5,RM,NA
GRH,Van Valkenburg,2008,6,TA,299
GRH,Van Valkenburg,2008,7,GB,277
GRH,Van Valkenburg,2008,8,RO,303
GRH,Van Valkenburg,2008,9,RO,NA
GRH,Van Valkenburg,2008,10,WA,285
GRH,Van Valkenburg,2008,11,LA,290
GRH,Van Valkenburg,2008,12,BC,288
GRH,Van Valkenburg,2008,13,TA,294
GRH,Van Valkenburg,2008,14,LA,292
GRH,Van Valkenburg,2008,15,BE,305
GRH,Van Valkenburg,2008,16,WB,291
GRH,Van Valkenburg,2008,17,GB,294
GRH,Van Valkenburg,2008,18,WA,291
GRH,Van Valkenburg,2008,19,YB,285
GRH,Van Valkenburg,2008,20,YB,288
GRH,Van Valkenburg,2008,21,RM,298
GRH,Van Valkenburg,2008,22,RM,290
GRH,Van Valkenburg,2009,3,BE,301
GRH,Van Valkenburg,2009,6,TA,293
GRH,Van Valkenburg,2009,7,GB,269
GRH,Van Valkenburg,2009,8,RO,299
GRH,Van Valkenburg,2009,9,RO,305
GRH,Van Valkenburg,2009,11,LA,287
GRH,Van Valkenburg,2009,12,BC,262
GRH,Van Valkenburg,2009,14,LA,296
GRH,Van Valkenburg,2009,15,BE,305
GRH,Van Valkenburg,2009,16,WB,284
GRH,Van Valkenburg,2009,19,YB,293
GRH,Van Valkenburg,2009,20,YB,275
GRH,Van Valkenburg,2009,21,RM,297
GRH,Van Valkenburg,2009,22,RM,290
GRH,Van Valkenburg,2009,23,WA,277
GRH,Van Valkenburg,2009,24,WA,274
GRH,Van Valkenburg,2009,25,WB,271
GRH,Van Valkenburg,2009,26,BX,280
GRH,Van Valkenburg,2009,27,BX,277
GRH,Van Valkenburg,2009,28,BC,257
GRH,Van Valkenburg,2009,29,GB,284
GRH,Van Valkenburg,2009,30,BC,NA
GRH,Van Valkenburg,2009,31,AP,278
GRH,Van Valkenburg,2009,32,AP,272
GRH,Van Valkenburg,2009,33,RM,289
GRH,Van Valkenburg,2010,3,BE,NA
GRH,Van Valkenburg,2010,6,TA,302
GRH,Van Valkenburg,2010,7,GB,284
GRH,Van Valkenburg,2010,8,RO,300
GRH,Van Valkenburg,2010,9,RO,301
GRH,Van Valkenburg,2010,11,LA,305
GRH,Van Valkenburg,2010,12,BC,290
GRH,Van Valkenburg,2010,13,TA,299
GRH,Van Valkenburg,2010,14,LA,303
GRH,Van Valkenburg,2010,15,BE,NA
GRH,Van Valkenburg,2010,16,PB,272
GRH,Van Valkenburg,2010,19,YB,272
GRH,Van Valkenburg,2010,20,YB,281
GRH,Van Valkenburg,2010,21,RM,285
GRH,Van Valkenburg,2010,22,RM,301
GRH,Van Valkenburg,2010,23,WA,268
GRH,Van Valkenburg,2010,24,WA,271
GRH,Van Valkenburg,2010,25,PB,269
GRH,Van Valkenburg,2010,27,BX,285
GRH,Van Valkenburg,2010,31,AP,285
GRH,Van Valkenburg,2010,32,AP,261
GRH,Van Valkenburg,2010,33,RM,292
GRH,Van Valkenburg,2010,34,BC,271
GRH,Van Valkenburg,2010,35,GB,305
GRH,Van Valkenburg,2011,3,BE,302
GRH,Van Valkenburg,2011,6,TA,268
GRH,Van Valkenburg,2011,7,GB,294
GRH,Van Valkenburg,2011,8,RO,303
GRH,Van Valkenburg,2011,9,RO,NA
GRH,Van Valkenburg,2011,11,LA,290
GRH,Van Valkenburg,2011,13,TA,294
GRH,Van Valkenburg,2011,14,LA,297
GRH,Van Valkenburg,2011,15,BE,NA
GRH,Van Valkenburg,2011,16,WB,284
GRH,Van Valkenburg,2011,25,WB,297
GRH,Van Valkenburg,2011,27,BX,273
GRH,Van Valkenburg,2011,31,AP,300
GRH,Van Valkenburg,2011,32,AP,279
GRH,Van Valkenburg,2011,33,RM,293
GRH,Van Valkenburg,2011,35,GB,304
GRH,Van Valkenburg,2011,36,YB,297
GRH,Van Valkenburg,2011,37,YB,299
GRH,Van Valkenburg,2011,38,WA,272
GRH,Van Valkenburg,2011,39,WA,269
GRH,Van Valkenburg,2011,40,BC,280
GRH,Van Valkenburg,2011,41,BC,284
GRH,Van Valkenburg,2011,42,RM,269
GRH,Van Valkenburg,2011,43,BX,284
GRH,Van Valkenburg,2012,3,BE,299
GRH,Van Valkenburg,2012,6,TA,274
GRH,Van Valkenburg,2012,7,GB,292
GRH,Van Valkenburg,2012,8,RO,294
GRH,Van Valkenburg,2012,9,RO,294
GRH,Van Valkenburg,2012,13,TA,NA
GRH,Van Valkenburg,2012,14,LA,294
GRH,Van Valkenburg,2012,15,BE,302
GRH,Van Valkenburg,2012,16,WB,282
GRH,Van Valkenburg,2012,25,WB,290
GRH,Van Valkenburg,2012,27,BX,281
GRH,Van Valkenburg,2012,33,RM,292
GRH,Van Valkenburg,2012,35,GB,294
GRH,Van Valkenburg,2012,36,YB,291
GRH,Van Valkenburg,2012,37,YB,269
GRH,Van Valkenburg,2012,38,WA,285
GRH,Van Valkenburg,2012,39,WA,289
GRH,Van Valkenburg,2012,42,RM,264
GRH,Van Valkenburg,2012,43,AP,274
GRH,Van Valkenburg,2012,44,BX,NA
GRH,Van Valkenburg,2012,45,AP,297
GRH,Van Valkenburg,2012,46,BC,267
GRH,Van Valkenburg,2012,47,BC,NA
GRH,Van Valkenburg,2012,48,LA,NA
GRH,Van Valkenburg,2013,6,TA,289
GRH,Van Valkenburg,2013,7,GB,303
GRH,Van Valkenburg,2013,8,RO,287
GRH,Van Valkenburg,2013,9,RO,302
GRH,Van Valkenburg,2013,13,TA,292
GRH,Van Valkenburg,2013,15,BE,305
GRH,Van Valkenburg,2013,16,WB,294
GRH,Van Valkenburg,2013,25,WB,295
GRH,Van Valkenburg,2013,27,BX,273
GRH,Van Valkenburg,2013,33,RM,284
GRH,Van Valkenburg,2013,36,YB,282
GRH,Van Valkenburg,2013,37,YB,287
GRH,Van Valkenburg,2013,42,RM,287
GRH,Van Valkenburg,2013,44,BX,277
GRH,Van Valkenburg,2013,45,AP,288
GRH,Van Valkenburg,2013,48,LA,295
GRH,Van Valkenburg,2013,49,BC,NA
GRH,Van Valkenburg,2013,50,BE,302
GRH,Van Valkenburg,2013,51,BC,297
GRH,Van Valkenburg,2013,52,LA,295
GRH,Van Valkenburg,2013,53,AP,293
HAH,Falcone,2014,19,SM,NA
HAH,Falcone,2014,20,CW,275
HAH,Falcone,2014,21,BW,272
HAH,Falcone,2014,22,SV,NA
HAH,Falcone,2014,23,BE,NA
HAH,Gartner,2015,1,PO,NA
HAH,Gartner,2015,3,BE,310
HAH,Gartner,2015,13,SM,281
HAH,Gartner,2015,16,BE,303
HAH,Gartner,2015,17,BE,288
HAH,Gartner,2015,30,HL,292
HAH,Gartner,2015,31,PO,304
HAH,Postans,2012,1,PO,NA
HAH,Postans,2012,2,BL,NA
HAH,Postans,2012,4,BL,275
HAH,Postans,2012,5,BX,282
HAH,Postans,2012,6,BL,286
HAH,Postans,2012,7,NM,NA
HAH,Postans,2012,8,EL,290
HAH,Postans,2012,9,EL,277
HAH,Postans,2012,10,EL,265
HAH,Postans,2012,11,BL,NA
HAH,Postans,2012,12,SM,NA
HAH,Postans,2012,13,SM,283
HAH,Postans,2013,1,PO,NA
HAH,Postans,2013,4,BL,283
HAH,Postans,2013,5,BX,279
HAH,Postans,2013,6,BL,283
HAH,Postans,2013,7,NM,NA
HAH,Postans,2013,8,EL,272
HAH,Postans,2013,11,BL,282
HAH,Postans,2013,12,SM,NA
HAH,Postans,2013,13,SM,NA
HAH,Postans,2013,14,NM,NA
HAH,Postans,2013,15,BX,281
HAH,Postans,2014,1,PO,NA
HAH,Postans,2014,3,BE,NA
HAH,Postans,2014,6,BL,293
HAH,Postans,2014,11,BL,285
HAH,Postans,2014,12,SM,NA
HAH,Postans,2014,15,BX,275
HAH,Postans,2014,17,BE,282
HAH,Postans,2014,18,BE,287
HAH,Postans,2014,24,BX,NA
HAH,Postans,2015,11,BL,295
HAH,Postans,2015,26,NM,NA
HAH,Postans,2015,27,BE,NA
HAH,Postans,2015,28,NM,306
HAH,Postans,2015,29,BE,NA
HBH,Rotelli,2013,1,RM,288
HBH,Rotelli,2013,2,RM,284
HBH,Rotelli,2013,3,YB,281
HBH,Rotelli,2013,4,WB,273
HBH,Rotelli,2013,5,RM,278
HBH,Rotelli,2013,6,WB,NA
HBH,Rotelli,2013,7,RO,NA
HBH,Rotelli,2013,8,SH,280
HBH,Rotelli,2014,1,RM,296
HBH,Rotelli,2014,2,RM,283
HBH,Rotelli,2014,3,YB,285
HBH,Rotelli,2014,4,WB,291
HBH,Rotelli,2014,5,RM,279
HBH,Rotelli,2014,6,WB,290
HBH,Rotelli,2014,7,RO,300
HBH,Rotelli,2014,8,SH,287
HBH,Rotelli,2014,11,TA,290
HBH,Rotelli,2014,12,TA,284
HCH,LeTellier,2011,1,HO,NA
HCH,LeTellier,2011,2,HO,NA
HCH,LeTellier,2011,3,HA,296
HCH,LeTellier,2011,4,HA,313
HCH,LeTellier,2011,5,HA,305
HCH,LeTellier,2011,6,HO,322
HCH,LeTellier,2011,7,HO,322
HCH,LeTellier,2011,8,HO,324
HCH,LeTellier,2011,9,RM,313
HCH,LeTellier,2011,10,EC,314
HCH,LeTellier,2011,11,EC,315
HCH,LeTellier,2011,12,EC,294
HCH,LeTellier,2011,13,EC,309
HCH,LeTellier,2011,14,AP,307
HCH,LeTellier,2011,15,AP,315
HCH,LeTellier,2011,16,AP,313
HCH,LeTellier,2011,17,AP,314
HCH,LeTellier,2011,18,AS,317
HCH,LeTellier,2011,19,WB,315
HCH,LeTellier,2011,20,RM,311
HCH,LeTellier,2011,21,RM,311
HCH,LeTellier,2011,22,RM,311
HCH,LeTellier,2011,23,RM,312
HCH,LeTellier,2011,24,AP,311
HCH,LeTellier,2011,25,AP,316
HCH,LeTellier,2011,26,AP,317
HCH,LeTellier,2012,1,HO,318
HCH,LeTellier,2012,3,HA,299
HCH,LeTellier,2012,4,HA,299
HCH,LeTellier,2012,5,HA,299
HCH,LeTellier,2012,7,HO,321
HCH,LeTellier,2012,8,HO,326
HCH,LeTellier,2012,9,RM,301
HCH,LeTellier,2012,10,EC,307
HCH,LeTellier,2012,12,EC,294
HCH,LeTellier,2012,13,EC,299
HCH,LeTellier,2012,15,AP,324
HCH,LeTellier,2012,17,AP,314
HCH,LeTellier,2012,18,AS,312
HCH,LeTellier,2012,20,RM,299
HCH,LeTellier,2012,21,RM,298
HCH,LeTellier,2012,24,AP,299
HCH,LeTellier,2012,25,AP,314
HCH,LeTellier,2012,26,AP,304
HCH,LeTellier,2013,1,HO,NA
HCH,LeTellier,2013,2,HO,323
HCH,LeTellier,2013,3,HA,296
HCH,LeTellier,2013,5,HA,306
HCH,LeTellier,2013,7,HO,323
HCH,LeTellier,2013,8,HO,322
HCH,LeTellier,2013,9,RM,306
HCH,LeTellier,2013,10,EC,279
HCH,LeTellier,2013,11,EC,298
HCH,LeTellier,2013,12,EC,289
HCH,LeTellier,2013,13,EC,284
HCH,LeTellier,2013,15,AP,314
HCH,LeTellier,2013,17,AP,314
HCH,LeTellier,2013,18,AS,323
HCH,LeTellier,2013,20,RM,310
HCH,LeTellier,2013,21,RM,310
HCH,LeTellier,2013,24,AP,311
HCH,LeTellier,2013,25,AP,312
HCH,LeTellier,2013,26,AP,310
HCH,LeTellier,2014,1,HO,331
HCH,LeTellier,2014,2,HO,329
HCH,LeTellier,2014,3,HA,300
HCH,LeTellier,2014,4,HA,293
HCH,LeTellier,2014,6,HO,305
HCH,LeTellier,2014,7,HO,324
HCH,LeTellier,2014,8,HO,330
HCH,LeTellier,2014,9,RM,297
HCH,LeTellier,2014,14,AP,318
HCH,LeTellier,2014,17,AP,316
HCH,LeTellier,2014,18,AS,323
HCH,LeTellier,2014,19,EC,290
HCH,LeTellier,2014,20,RM,305
HCH,LeTellier,2014,21,RM,310
HDE,Simmons,2011,1,RO,NA
HDE,Simmons,2011,2,SM,301
HDE,Simmons,2011,3,ES,298
HRH,Jewett,2010,1,WA,271
HRH,Jewett,2010,2,NM,271
HRH,Jewett,2010,3,TA,278
HRH,Jewett,2010,4,WA,267
HRH,Jewett,2010,5,AP,NA
HRH,Jewett,2011,1,WI,NA
HRH,Jewett,2011,2,NM,281
HRH,Jewett,2011,3,HL,281
HRH,Jewett,2011,4,TA,270
HRH,Jewett,2011,5,WA,267
HRH,Jewett,2012,1,BL,287
HRH,Jewett,2012,2,WI,279
HRH,Jewett,2012,3,TA,272
HRH,Jewett,2012,4,SH,271
HRH,Jewett,2012,5,NM,271
JGM,Scaltreto,2012,1,BO,NA
JGM,Scaltreto,2012,2,FD,NA
JGM,Scaltreto,2012,3,BE,NA
JGM,Scaltreto,2012,5,BE,NA
JGM,Scaltreto,2012,6,WO,NA
JGM,Scaltreto,2012,7,FD,NA
JGM,Smithson,2012,1,BO,296
JGM,Smithson,2012,2,FD,306
JGM,Smithson,2012,3,BE,294
JGM,Smithson,2012,4,BE,305
JGM,Smithson,2012,6,WO,310
JRB,Bennett,2008,21,RO,294
JRB,Bennett,2008,22,RO,288
JRB,Bennett,2008,23,BB,290
JRB,Bennett,2008,24,TA,287
JRB,Bennett,2008,25,GB,289
JRB,Bennett,2008,26,RM,288
JRB,Bennett,2009,1,RM,285
JRB,Bennett,2009,2,BB,288
JRB,Bennett,2009,4,BC,295
JRB,Bennett,2009,5,GB,302
JRB,Bennett,2009,6,SM,281
JRB,Bennett,2009,7,WO,305
JRB,Bennett,2011,31,RM,286
JRB,Bennett,2011,32,BE,NA
JRB,Bennett,2011,33,WH,280
JRB,Bennett,2011,34,WO,NA
JRB,Bennett,2011,35,BC,295
JRB,Bennett,2011,36,WO,291
JRB,Bennett,2012,41,PO,NA
JRB,Bennett,2012,42,AP,285
JRB,Bennett,2012,43,RM,296
JRB,Bennett,2012,44,RM,292
JRB,Bennett,2012,45,RM,299
JRB,Bennett,2012,46,PO,NA
JRB,Bennett,2012,47,SM,278
JRB,Bennett,2013,31,RM,288
JRB,Bennett,2013,32,BE,292
JRB,Bennett,2013,33,WH,284
JRB,Bennett,2013,34,WO,304
JRB,Bennett,2013,51,BB,NA
JRB,Bennett,2013,52,SM,277
JRB,Bennett,2013,53,WB,283
JRB,Bennett,2014,32,BE,294
JRB,Bennett,2014,33,WH,283
JRB,Bennett,2014,34,WO,300
JRB,Bennett,2014,51,BB,NA
JRB,Bennett,2014,52,SM,277
JRB,Cucchiara,2007,1,RM,NA
JRB,Cucchiara,2007,2,BB,265
JRB,Cucchiara,2007,3,BE,NA
JRB,Cucchiara,2007,4,BC,NA
JRB,Cucchiara,2007,5,BE,NA
JRB,Cucchiara,2007,6,SM,284
JRB,Gera,2005,1,RM,314
JRB,Gera,2005,2,BB,303
JRB,Gera,2005,3,BE,311
JRB,Gera,2005,4,BC,290
JRB,Gera,2005,5,BE,311
JRB,Gera,2005,6,SM,292
JRB,Gera,2006,1,RM,NA
JRB,Gera,2006,2,BB,NA
JRB,Gera,2006,3,BE,NA
JRB,Gera,2006,4,BC,NA
JRB,Gera,2006,5,BE,NA
JRB,Gera,2006,6,SM,279
JRB,McLynch,2006,2,GB,284
JRB,McLynch,2007,1,RM,287
JRB,McLynch,2007,2,BB,NA
JRB,McLynch,2007,3,BE,NA
JRB,McLynch,2007,4,BC,NA
JRB,McLynch,2007,5,BE,NA
JRB,McLynch,2007,6,SM,281
JRB,Robichaud,2007,1,RM,289
JRB,Robichaud,2007,2,BB,253
JRB,Robichaud,2007,3,BE,NA
JRB,Robichaud,2007,4,BC,NA
JRB,Robichaud,2007,5,BE,NA
JRB,Robichaud,2007,6,SM,275
LEE,Curtis,2012,1,NM,292
LEE,Curtis,2012,2,BE,NA
LEE,Curtis,2012,3,RM,329
MAH,Rosenthal,2009,1,TA,283
MAH,Rosenthal,2009,2,TA,284
MAH,Rosenthal,2009,3,BU,271
MAH,Rosenthal,2009,4,NM,308
MAH,Rosenthal,2009,5,NM,273
MAH,Rosenthal,2009,6,NM,267
MAH,Rosenthal,2009,7,BL,287
MAH,Rosenthal,2009,8,BU,290
MAH,Rosenthal,2010,1,RM,279
MAH,Rosenthal,2010,2,RM,NA
MAH,Rosenthal,2010,4,WA,291
MAH,Rosenthal,2011,2,RM,298
MAH,Rosenthal,2011,3,WA,299
MAH,Rosenthal,2011,4,WA,293
MAH,Rosenthal,2011,5,RM,297
MAH,Rosenthal,2012,2,RM,287
MAH,Rosenthal,2012,3,RM,294
MME,Johnson,2005,1,WA,311
MME,Johnson,2005,2,SM,296
MME,Johnson,2005,3,YB,309
MME,Johnson,2005,4,SM,301
MME,Johnson,2005,5,RO,320
NAH,Cochrane,2008,1,GA,282
NAH,Cochrane,2008,10,CH,NA
NAH,Cochrane,2008,12,SA,295
NAH,Cochrane,2008,14,RM,287
NAH,Cochrane,2008,15,BE,NA
NAH,Cochrane,2008,16,CO,NA
NAH,Cochrane,2008,17,WO,NA
NAH,Cochrane,2008,18,SH,NA
NAH,Cochrane,2008,19,SA,291
NAH,Cochrane,2008,20,RM,287
NAH,Cochrane,2009,1,GA,267
NAH,Cochrane,2009,10,CH,302
NAH,Cochrane,2009,12,SA,295
NAH,Cochrane,2009,14,RM,287
NAH,Cochrane,2009,15,BE,300
NAH,Cochrane,2009,16,CO,302
NAH,Cochrane,2009,20,RM,278
NAH,Cochrane,2009,23,RM,290
NAH,Cochrane,2010,10,CH,302
NAH,Cochrane,2010,12,SA,299
NAH,Cochrane,2010,14,RM,290
NAH,Cochrane,2010,15,BE,NA
NAH,Cochrane,2010,16,CO,302
NAH,Cochrane,2010,17,WO,NA
NAH,Cochrane,2010,18,SH,NA
NAH,Cochrane,2010,19,SA,299
NAH,Cochrane,2010,20,RM,296
NAH,Cochrane,2010,21,CO,300
NAH,Cochrane,2010,23,RM,297
NAH,Cochrane,2011,10,CH,NA
NAH,Cochrane,2011,14,RM,288
NAH,Cochrane,2011,15,BE,NA
NAH,Cochrane,2011,16,CO,NA
NAH,Cochrane,2011,17,WO,NA
NAH,Cochrane,2011,18,SH,NA
NAH,Cochrane,2011,19,SA,285
NAH,Cochrane,2012,10,CH,306
NAH,Cochrane,2012,14,RM,294
NAH,Cochrane,2012,15,BE,NA
NAH,Cochrane,2012,16,CO,293
NAH,Cochrane,2012,17,WO,296
NAH,Cochrane,2012,18,SH,301
NAH,Cochrane,2012,19,SA,298
NAH,Cochrane,2012,20,RM,283
NAH,Cochrane,2012,21,CO,298
NAH,Cochrane,2012,23,RM,281
NAH,Cochrane,2013,10,CH,280
NAH,Cochrane,2013,14,RM,277
NAH,Cochrane,2013,15,BE,NA
NAH,Cochrane,2013,16,CO,301
NAH,Cochrane,2013,17,WO,304
NAH,Cochrane,2013,18,SH,288
NAH,Cochrane,2013,19,SA,267
NAH,Cochrane,2013,20,RM,273
NDH,Lockett,2012,1,BO,NA
NDH,Lockett,2012,2,PC,296
NDH,Lockett,2012,3,SO,310
NDH,Lockett,2012,4,RM,295
NDH,Lockett,2012,5,SH,282
NDH,Lockett,2012,6,HL,310
NDH,Lockett,2012,7,BH,312
NDH,Lockett,2012,8,PC,298
NDH,Lockett,2012,9,SO,314
NDH,Lockett,2012,10,RM,299
NDH,Lockett,2012,11,PC,297
NDH,Lockett,2012,12,BB,293
NDH,Loux-Turner,2013,1,BO,NA
NDH,Loux-Turner,2013,2,BC,278
NDH,Loux-Turner,2013,4,RM,279
NDH,Loux-Turner,2013,5,SH,271
NDH,Loux-Turner,2013,6,HL,300
NDH,Loux-Turner,2013,7,BH,314
NDH,Loux-Turner,2013,8,PC,282
NDH,Loux-Turner,2013,9,SO,338
NDH,Loux-Turner,2013,11,PC,304
NDH,Loux-Turner,2013,12,BB,276
NDH,Loux-Turner,2013,13,SO,309
NDH,Loux-Turner,2013,14,BO,318
NDH,Loux-Turner,2013,15,BB,285
NDH,Loux-Turner,2014,1,BO,309
NDH,Loux-Turner,2014,2,BC,287
NDH,Loux-Turner,2014,4,RM,289
NDH,Loux-Turner,2014,5,SH,285
NDH,Loux-Turner,2014,6,HL,302
NDH,Loux-Turner,2014,7,BH,300
NDH,Loux-Turner,2014,8,PC,306
NDH,Loux-Turner,2014,9,SO,NA
NDH,Loux-Turner,2014,11,BC,299
NDH,Loux-Turner,2014,12,BB,284
NDH,Loux-Turner,2014,13,SO,309
NDH,Loux-Turner,2014,14,BO,291
NDH,Loux-Turner,2014,15,BB,NA
NDH,Loux-Turner,2014,16,BB,280
NDH,Loux-Turner,2014,17,WA,293
NDH,Loux-Turner,2015,1,BO,NA
NDH,Loux-Turner,2015,4,RM,295
NDH,Loux-Turner,2015,5,SH,293
NDH,Loux-Turner,2015,6,HL,306
NDH,Loux-Turner,2015,7,BH,312
NDH,Loux-Turner,2015,8,PC,295
NDH,Loux-Turner,2015,9,SO,NA
NDH,Loux-Turner,2015,11,PC,312
NDH,Loux-Turner,2015,12,BB,298
NDH,Loux-Turner,2015,13,SO,NA
NDH,Loux-Turner,2015,14,BO,312
NDH,Loux-Turner,2015,17,WA,303
NHS,Haverstick,2013,1,WO,295
NHS,Haverstick,2013,2,BB,297
NHS,Haverstick,2013,3,SO,294
NHS,Haverstick,2013,4,RO,301
NHS,Haverstick,2013,5,WB,299
NHS,Haverstick,2013,6,BC,300
NHS,Haverstick,2013,7,SO,293
NHS,Haverstick,2013,8,PH,292
NHS,Haverstick,2013,9,PH,292
NHS,Haverstick,2013,10,SM,297
NHS,Haverstick,2013,11,GK,305
NHS,Haverstick,2013,12,BC,292
NHS,Haverstick,2013,13,SA,290
NHS,Haverstick,2013,14,SA,295
NHS,Haverstick,2013,15,BC,NA
NHS,Haverstick,2013,16,PH,293
NHS,Haverstick,2013,17,PH,278
NHS,Haverstick,2013,18,SA,292
NHS,Haverstick,2013,19,BC,313
NHS,Haverstick,2013,20,SA,302
OMS,Mossman,2009,1,MR,291
OMS,Mossman,2009,2,BE,304
OMS,Mossman,2009,3,CC,265
OMS,Mossman,2009,4,RM,274
OMS,Mossman,2009,5,RO,300
OMS,Mossman,2009,6,GB,267
OMS,Mossman,2009,7,WB,284
OMS,Mossman,2009,8,TA,288
OMS,Mossman,2009,9,PO,312
OMS,Mossman,2009,10,SM,285
OMS,Mossman,2009,11,RO,306
OMS,Mossman,2010,1,MR,293
OMS,Mossman,2010,2,BE,306
OMS,Mossman,2010,3,PC,267
OMS,Mossman,2010,4,RM,273
OMS,Mossman,2010,5,RO,302
OMS,Mossman,2010,6,GB,278
OMS,Mossman,2010,7,WB,279
OMS,Mossman,2010,10,SM,288
OMS,Mossman,2010,11,RO,294
OMS,Mossman,2010,12,SM,291
OMS,Mossman,2010,13,WB,281
OMS,Mossman,2010,14,PO,310
OMS,Mossman,2010,15,SM,274
OMS,Mossman,2011,1,MR,293
OMS,Mossman,2011,2,BE,314
OMS,Mossman,2011,3,PC,268
OMS,Mossman,2011,4,RM,284
OMS,Mossman,2011,5,RO,313
OMS,Mossman,2011,6,GB,272
OMS,Mossman,2011,7,WB,282
OMS,Mossman,2011,10,SM,297
OMS,Mossman,2011,11,RO,315
OMS,Mossman,2011,12,SM,296
OMS,Mossman,2011,13,WB,291
OMS,Mossman,2011,14,PO,320
OMS,Mossman,2011,16,WB,288
OMS,Mossman,2012,1,MR,288
OMS,Mossman,2012,2,BE,303
OMS,Mossman,2012,3,PC,277
OMS,Mossman,2012,4,RM,275
OMS,Mossman,2012,5,RO,297
OMS,Mossman,2012,6,GB,286
OMS,Mossman,2012,7,WB,275
OMS,Mossman,2012,10,SM,295
OMS,Mossman,2012,11,RO,292
OMS,Mossman,2012,12,SM,295
OMS,Mossman,2012,13,WB,291
OMS,Mossman,2012,14,PO,296
OMS,Mossman,2012,16,WB,287
OMS,Mossman,2013,1,MR,287
OMS,Mossman,2013,2,BE,302
OMS,Mossman,2013,3,PC,274
OMS,Mossman,2013,4,RM,279
OMS,Mossman,2013,5,RO,289
OMS,Mossman,2013,6,GB,273
OMS,Mossman,2013,7,WB,272
OMS,Mossman,2013,10,SM,288
OMS,Mossman,2013,11,RO,289
OMS,Mossman,2013,12,SM,286
OMS,Mossman,2013,13,WB,288
OMS,Mossman,2013,14,PO,305
OMS,Mossman,2013,16,WB,284
OMS,Mossman,2014,1,MR,286
OMS,Mossman,2014,2,BE,294
OMS,Mossman,2014,3,PC,275
OMS,Mossman,2014,4,RM,276
OMS,Mossman,2014,7,WB,274
OMS,Mossman,2014,10,SM,297
OMS,Mossman,2014,11,RO,285
OMS,Mossman,2014,12,SM,289
OMS,Mossman,2014,13,WB,280
OMS,Mossman,2014,16,WB,290
PCS,Donelan,2006,1,BC,267
PCS,Donelan,2006,2,SH,276
PCS,Donelan,2006,3,SO,NA
PCS,Donelan,2006,4,SM,284
PCS,Donelan,2006,5,RM,281
PCS,Donelan,2007,1,SM,294
PCS,Donelan,2007,2,WO,NA
PCS,Donelan,2007,3,SH,281
PCS,Donelan,2007,4,BC,276
PCS,Donelan,2007,6,RO,303
PCS,Donelan,2008,1,SM,287
PCS,Donelan,2008,2,WO,NA
PCS,Donelan,2008,3,SH,295
PCS,Donelan,2008,4,BC,289
PCS,Donelan,2008,6,RO,NA
PES,Gallagher,2005,1,RM,307
PES,Gallagher,2005,2,SM,321
PES,Gallagher,2005,3,WA,277
PES,Gallagher,2005,4,RO,314
PFH,Jewett,2013,1,WI,298
PFH,Jewett,2013,2,X1,NA
PFH,Jewett,2013,3,WI,302
PFH,Jewett,2013,5,X1,292
PFH,Jewett,2013,6,BG,NA
PFH,Jewett,2013,7,CC,NA
PFH,Jewett,2013,8,X1,NA
PFH,Jewett,2013,9,X1,300
PFH,Jewett,2013,10,FD,295
PFH,Jewett,2013,11,X1,291
PFH,Jewett,2013,12,TA,299
PFH,Jewett,2013,13,PC,NA
PFH,Jewett,2013,14,PC,NA
PFH,Jewett,2013,15,TA,292
PFH,Jewett,2013,16,X1,NA
PIK,Foster,2007,1,EL,294
PIK,Foster,2007,2,RM,294
PIK,Foster,2007,3,RM,280
PIK,Foster,2007,4,RM,293
PIK,Foster,2007,5,RM,293
PIK,Foster,2007,6,RM,280
PIK,Foster,2007,7,RO,308
PIK,Foster,2007,8,BT,NA
PIK,Foster,2007,9,BC,NA
PIK,Foster,2007,10,BL,NA
PIK,Santella,2008,11,RM,286
PIK,Santella,2008,12,FD,304
PIK,Santella,2008,13,FD,308
PIK,Santella,2008,14,RM,295
PIK,Santella,2008,15,WO,316
PIK,Santella,2008,16,WO,319
PIK,Santella,2008,17,GB,293
PIK,Santella,2008,18,GB,316
PIK,Santella,2008,19,GB,323
PIK,Santella,2008,20,FD,311
PIK,Santella,2009,11,RM,NA
PIK,Santella,2009,12,FD,NA
PIK,Santella,2009,13,FD,NA
PIK,Santella,2009,14,RM,NA
PIK,Santella,2009,15,WO,NA
PIK,Santella,2009,16,WO,NA
PIK,Santella,2009,17,GB,NA
PIK,Santella,2009,18,GB,NA
PIK,Santella,2009,19,GB,NA
PIK,Santella,2009,20,FD,NA
PIK,Santella,2010,12,TA,318
PIK,Santella,2010,15,TA,321
PIK,Santella,2010,19,GB,320
PIK,Santella,2010,21,PC,295
PIK,Santella,2010,22,FD,275
PIK,Santella,2010,23,CW,316
PIK,Santella,2010,24,WO,327
PIK,Santella,2010,25,WO,321
PIK,Santella,2010,26,TA,314
PIK,Santella,2010,27,RM,299
PIK,Santella,2011,12,TA,NA
PIK,Santella,2011,15,TA,302
PIK,Santella,2011,19,GB,307
PIK,Santella,2011,21,PC,311
PIK,Santella,2011,22,FD,321
PIK,Santella,2011,23,CW,321
PIK,Santella,2011,24,WO,298
PIK,Santella,2011,25,WO,NA
PIK,Santella,2011,26,TA,309
PIK,Santella,2011,27,RM,294
PIK,Santella,2012,28,YB,292
PIK,Santella,2012,29,GB,306
PIK,Santella,2012,30,TA,284
PIK,Santella,2012,31,RO,308
PIK,Santella,2012,32,BC,297
PIK,Santella,2012,33,FD,299
PIK,Santella,2012,34,FD,309
PIK,Santella,2012,35,RO,300
PIK,Santella,2012,36,RM,294
PIK,Santella,2012,37,GB,309
PIK,Santella,2013,28,YB,295
PIK,Santella,2013,29,GB,288
PIK,Santella,2013,30,TA,299
PIK,Santella,2013,31,RO,NA
PIK,Santella,2013,32,BC,307
PIK,Santella,2013,33,FD,304
PIK,Santella,2013,34,FD,312
PIK,Santella,2013,35,RO,NA
PIK,Santella,2013,36,RM,291
PIK,Santella,2013,37,GB,309
PIK,Santella,2013,38,RM,290
PRE,Hall,2008,1,EC,285
PRE,Hall,2008,2,AP,288
PRE,Hall,2008,3,SM,275
PRM,Wile,2011,1,SV,305
PRM,Wile,2011,3,WI,312
PRM,Wile,2011,4,RB,287
PRM,Wile,2011,5,WB,287
PRM,Wile,2011,7,WI,301
PRM,Wile,2011,8,SV,306
PRM,Wile,2011,9,VI,284
PRM,Wile,2011,10,WB,292
QRH,McMorrow,2014,1,BB,300
QRH,McMorrow,2014,2,SM,298
QRH,McMorrow,2014,3,OS,309
QRH,McMorrow,2014,4,BE,289
QRH,McMorrow,2014,5,BB,298
QRH,McMorrow,2014,6,BB,287
QRH,McMorrow,2014,7,RM,288
QRH,McMorrow,2014,8,RO,293
RNM,Reynolds,2007,1,NM,304
RNM,Reynolds,2007,2,NM,313
RNM,Reynolds,2007,3,NM,315
RNM,Reynolds,2007,4,NM,321
RNM,Reynolds,2007,5,BC,313
RNM,Reynolds,2007,6,HO,331
RNM,Reynolds,2007,6,OT,331
RNM,Reynolds,2007,7,HO,318
SBM,Bourdeau,2011,1,RO,314
SBM,Bourdeau,2011,2,RM,301
SBM,Bourdeau,2011,3,SC,311
SBM,Bourdeau,2011,4,WA,281
SBM,Bourdeau,2011,5,HO,299
SBM,Bourdeau,2011,6,BC,311
SBM,Bourdeau,2011,7,BB,311
SBM,Bourdeau,2011,8,RM,304
SBM,Bourdeau,2011,9,BC,290
SBM,Bourdeau,2011,10,WO,311
SBM,Bourdeau,2011,11,RM,308
SBM,Bourdeau,2011,12,BB,308
SCM,Koval,2013,1,TP,293
SCM,Koval,2013,2,SM,290
SCM,Koval,2013,3,SG,288
SCM,Koval,2013,4,CH,NA
SCM,Koval,2013,5,HL,289
SCM,Koval,2013,6,GA,298
SCM,Koval,2014,1,TP,287
SCM,Koval,2014,2,SM,308
SCM,Koval,2014,3,SG,312
SCM,Koval,2014,4,CH,NA
SCM,Koval,2014,5,GA,280
SFH,McKnight,2011,1,NM,311
SFH,McKnight,2011,2,WO,NA
SFH,McKnight,2011,3,BE,NA
SHS,McDermott,2006,2,HA,NA
SHS,McDermott,2006,3,RM,295
SHS,McDermott,2007,1,NM,330
SHS,McDermott,2007,2,HA,326
SHS,McDermott,2007,3,FD,285
SHS,McDermott,2007,4,RB,318
SHS,McDermott,2007,5,SR,319
SHS,McDermott,2007,6,HL,312
SHS,McDermott,2007,7,AP,319
SHS,McDermott,2008,1,NM,298
SHS,McDermott,2008,2,HA,311
SHS,McDermott,2008,3,FD,302
SHS,McDermott,2008,4,RB,310
SHS,McDermott,2008,5,SM,311
SHS,McDermott,2008,6,HL,300
SHS,McDermott,2008,7,AP,293
SHS,McDermott,2010,1,NM,299
SHS,McDermott,2010,2,HA,299
SHS,McDermott,2010,3,RM,294
SHS,McDermott,2010,4,RB,303
SHS,McDermott,2010,5,SR,306
SHS,McDermott,2010,6,HL,307
SHS,McDermott,2010,7,AP,307
SHS,McDermott,2011,1,NM,297
SHS,McDermott,2011,2,HA,308
SHS,McDermott,2011,3,FD,303
SHS,McDermott,2011,4,RB,301
SHS,McDermott,2011,5,SR,304
SHS,McDermott,2011,6,HL,308
SHS,McDermott,2011,7,AP,312
SME,Reed,2015,1,EL,297
SME,Reed,2015,2,FD,303
SME,Reed,2015,3,WB,315
SME,Reed,2015,4,WB,305
SMS,MacFarland,2007,1,WO,NA
SMS,MacFarland,2007,2,LA,300
SMS,MacFarland,2007,3,SM,292
SMS,MacFarland,2007,4,SM,300
SMS,MacFarland,2008,1,SM,295
SMS,MacFarland,2008,2,SM,297
SMS,MacFarland,2008,3,WO,NA
SMS,MacFarland,2008,4,LA,297
SMS,MacFarland,2009,1,SM,NA
SMS,MacFarland,2009,2,SM,NA
SMS,MacFarland,2009,3,WO,NA
SMS,MacFarland,2009,4,LA,NA
SMS,MacFarland,2009,5,BO,NA
STE,Capeless,2009,1,PH,274
STE,Capeless,2009,2,BX,287
STE,Capeless,2009,3,EM,272
STE,Capeless,2009,3,SM,272
STE,Capeless,2009,4,EM,278
STE,Capeless,2009,5,BT,307
STE,Capeless,2010,1,PH,268
STE,Capeless,2010,2,BX,306
STE,Capeless,2010,4,EM,271
STE,Capeless,2010,5,BT,332
STE,Capeless,2011,1,PH,276
STE,Capeless,2011,2,BX,290
STE,Capeless,2011,4,EL,270
STE,Capeless,2011,5,BT,293
STE,Capeless,2012,1,PH,288
STE,Capeless,2012,2,BX,292
STE,Capeless,2012,4,EL,294
STE,Capeless,2012,5,BT,306
STE,Capeless,2013,1,PH,273
STE,Capeless,2013,2,BX,290
STE,Capeless,2013,4,EL,273
STE,Capeless,2013,5,BT,313
STE,Capeless,2014,1,PH,262
STE,Capeless,2014,2,BX,285
STE,Capeless,2014,4,EL,280
STE,Capeless,2014,5,BT,296
TCA,Casey,2013,1,RM,310
TCA,Casey,2013,2,RM,282
TCA,Casey,2013,3,SM,285
TCA,Casey,2013,4,RM,303
TCA,Casey,2013,5,RM,282
TCA,Casey,2014,1,RM,282
TCA,Casey,2014,2,RM,279
TCA,Casey,2014,3,SM,292
TCA,Casey,2014,4,RM,277
TCA,Casey,2014,5,RM,293
TCA,Primavera,2015,1,RM,303
TCA,Primavera,2015,2,RM,280
TCA,Primavera,2015,3,SM,292
TCA,Primavera,2015,4,RM,299
TCA,Primavera,2015,5,RM,303
TCS,Donnelly,2007,1,EL,NA
TCS,Donnelly,2007,2,BN,NA
TCS,Donnelly,2007,3,SM,NA
TCS,Donnelly,2007,4,SO,287
TCS,Donnelly,2007,5,SV,277
THS,Michaud,2009,1,BE,NA
THS,Michaud,2009,2,IW,279
THS,Michaud,2009,3,WH,NA
THS,Michaud,2009,4,SM,272
THS,Michaud,2009,5,WH,284
THS,Michaud,2009,6,WA,277
THS,Wespiser,2009,1,BE,NA
THS,Wespiser,2009,2,BB,277
THS,Wespiser,2009,3,BE,NA
THS,Wespiser,2009,4,SM,274
THS,Wespiser,2009,5,BE,291
THS,Wespiser,2009,6,BE,NA
TMH,Gordon,2012,43,RO,304
TMH,Gordon,2012,44,RO,294
TMH,Gordon,2012,45,RO,302
TMH,Gordon,2012,46,RO,305
TMH,Gordon,2012,47,RO,307
TMH,Gordon,2012,48,SM,303
TMH,Gordon,2012,49,RO,296
TMH,Gordon,2012,50,RO,NA
TMH,Gordon,2012,51,RO,305
TMH,Gordon,2012,52,SM,298
TMH,Gordon,2013,53,SM,279
TMH,Gordon,2013,54,SM,281
TMH,Gordon,2013,55,SM,286
TMH,Gordon,2013,56,SM,294
TMH,Gordon,2013,57,RO,308
TMH,Gordon,2013,58,RO,NA
TMH,Gordon,2013,59,RO,292
TMH,Gordon,2013,60,RO,NA
TMH,Gordon,2013,61,RO,NA
TMH,Gordon,2013,62,SM,296
TMH,Gordon,2014,53,SM,278
TMH,Gordon,2014,54,SM,290
TMH,Gordon,2014,55,SM,283
TMH,Gordon,2014,56,SM,285
TMH,Gordon,2014,57,RO,293
TMH,Gordon,2014,58,RO,305
TMH,Gordon,2014,59,RO,304
TMH,Gordon,2014,60,RO,300
TMH,Gordon,2014,61,RO,297
TMH,Gordon,2014,62,SM,285
TMH,Senechal,2005,1,SM,312
TMH,Senechal,2005,2,BO,284
TMH,Senechal,2005,4,SM,278
TMH,Senechal,2005,5,BO,313
TMH,Senechal,2005,6,RO,310
TMH,Senechal,2005,8,RO,299
TMH,Senechal,2005,9,RO,278
TMH,Senechal,2005,11,WO,311
TMH,Senechal,2005,12,RO,288
TMH,Senechal,2005,13,RO,NA
TMH,Senechal,2005,14,BO,317
TMH,Senechal,2006,1,SM,295
TMH,Senechal,2006,2,BO,276
TMH,Senechal,2006,3,SM,292
TMH,Senechal,2006,4,SM,282
TMH,Senechal,2006,5,BO,301
TMH,Senechal,2006,7,BO,290
TMH,Senechal,2006,8,RO,291
TMH,Senechal,2006,10,RO,295
TMH,Senechal,2006,11,WO,293
TMH,Senechal,2006,12,RO,292
TMH,Senechal,2006,13,RO,290
TMH,Senechal,2006,14,BO,299
TMH,Senechal,2007,1,SM,NA
TMH,Senechal,2007,2,BO,297
TMH,Senechal,2007,3,SM,303
TMH,Senechal,2007,4,SM,297
TMH,Senechal,2007,5,BO,NA
TMH,Senechal,2007,6,RO,NA
TMH,Senechal,2007,7,BO,NA
TMH,Senechal,2007,8,RO,NA
TMH,Senechal,2007,10,RO,303
TMH,Senechal,2007,11,WO,NA
TMH,Senechal,2007,12,RO,NA
TMH,Senechal,2007,13,RO,NA
TMH,Senechal,2008,1,SM,300
TMH,Senechal,2008,2,BO,311
TMH,Senechal,2008,3,SM,298
TMH,Senechal,2008,4,SM,294
TMH,Senechal,2008,6,RO,NA
TMH,Senechal,2008,7,BO,305
TMH,Senechal,2008,8,RO,317
TMH,Senechal,2008,11,WO,279
TMH,Senechal,2008,12,BO,312
TMH,Senechal,2008,13,RO,295
TMH,Senechal,2008,14,BO,300
TMH,Senechal,2008,15,BO,305
TMH,Senechal,2008,16,BO,311
TMH,Senechal,2008,17,BO,NA
TMH,Senechal,2009,1,SM,296
TMH,Senechal,2009,3,SM,297
TMH,Senechal,2009,4,SM,298
TMH,Senechal,2009,6,RO,NA
TMH,Senechal,2009,7,BO,304
TMH,Senechal,2009,8,RO,313
TMH,Senechal,2009,10,BO,304
TMH,Senechal,2009,12,RO,NA
TMH,Senechal,2009,13,RO,309
TMH,Senechal,2009,15,RO,NA
TMH,Senechal,2009,17,BO,299
TMH,Senechal,2009,18,WO,291
TMH,Senechal,2010,1,SM,297
TMH,Senechal,2010,3,SM,277
TMH,Senechal,2010,4,SM,293
TMH,Senechal,2010,7,BO,302
TMH,Senechal,2010,10,BO,297
TMH,Senechal,2010,12,RO,NA
TMH,Senechal,2010,13,RO,NA
TMH,Senechal,2010,14,BO,NA
TMH,Senechal,2010,17,BO,NA
TMH,Senechal,2010,18,WO,302
TMH,Senechal,2010,19,RO,NA
TMH,Senechal,2011,33,SM,297
TMH,Senechal,2011,34,SM,294
TMH,Senechal,2011,35,RO,NA
TMH,Senechal,2011,36,RO,NA
TMH,Senechal,2011,37,SM,288
TMH,Senechal,2011,38,SM,297
TMH,Senechal,2011,39,RO,NA
TMH,Senechal,2011,40,SM,293
TMS,Randall,2007,1,OT,NA
TMS,Randall,2007,2,RO,295
TMS,Randall,2007,3,RM,295
TMS,Randall,2007,4,YB,NA
TMS,Randall,2007,5,RO,293
TMS,Randall,2007,6,PH,295
TMS,Randall,2007,7,BW,285
TMS,Randall,2007,8,RM,288
TMS,Randall,2007,9,WO,NA
TMS,Randall,2007,10,HO,276
TMS,Randall,2007,11,TA,295
TMS,Randall,2007,12,GB,299
TSE,Dolan,2007,1,EL,299
TSE,Dolan,2007,2,SM,305
TSE,Dolan,2007,3,EL,295
TTE,Christen,2009,1,WO,294
TTE,Christen,2009,2,BE,291
TTE,Christen,2009,3,WO,302
TTE,Christen,2009,4,RM,NA
TTE,Christen,2009,5,WO,NA
TTE,Christen,2010,1,WO,288
TTE,Christen,2010,2,BE,NA
TTE,Christen,2010,3,WO,NA
TTE,Christen,2010,4,RM,NA
TTE,Christen,2010,5,WO,NA
TTE,Gagnon,2010,4,RO,303
TTE,Gagnon,2010,12,RO,305
TTE,Orsini,2009,11,TA,NA
TTE,Orsini,2009,12,RO,295
TTE,Orsini,2009,13,RO,299
TTE,Orsini,2009,14,RO,300
TTE,Orsini,2009,15,SM,288
TTE,Orsini,2009,16,SM,298
TTE,Orsini,2009,17,EL,NA
TTE,Orsini,2009,18,EL,298
TTE,Orsini,2009,19,RA,300
UPH,Dwyer,2008,1,WA,NA
UPH,Dwyer,2008,2,WA,303
UPH,Dwyer,2008,3,WA,NA
UPH,Dwyer,2008,4,NM,303
UPH,Dwyer,2008,5,WA,284
UPH,Dwyer,2008,6,SV,NA
UPH,Dwyer,2008,7,WA,284
UPH,Dwyer,2008,8,NM,301
UPH,Dwyer,2008,9,WM,300
UPH,Dwyer,2008,10,WM,297
UPH,Dwyer,2008,11,RM,303
UPH,Dwyer,2008,13,RM,NA
UPH,Dwyer,2008,14,RM,NA
UPH,Dwyer,2008,15,SM,NA
UPH,Dwyer,2009,2,WA,279
UPH,Dwyer,2009,3,WA,281
UPH,Dwyer,2009,7,WA,277
UPH,Dwyer,2009,8,NM,NA
UPH,Dwyer,2009,11,RM,296
UPH,Dwyer,2009,12,EL,287
UPH,Dwyer,2009,13,RM,307
UPH,Dwyer,2009,14,RM,313
UPH,Dwyer,2009,15,SM,308
UPH,Dwyer,2009,16,SM,308
UPH,Dwyer,2009,18,SM,313
UPH,Dwyer,2009,19,SM,298
UPH,Dwyer,2009,20,WA,280
UPH,Dwyer,2009,21,SV,309
UPH,Dwyer,2009,22,RM,285
UPH,Dwyer,2010,13,RM,NA
UPH,Dwyer,2010,14,RM,NA
UPH,Dwyer,2010,15,SM,303
UPH,Dwyer,2010,16,SM,308
UPH,Dwyer,2010,18,SM,308
UPH,Dwyer,2010,19,SM,298
VLM,Feynman,2012,1,PC,312
VLM,Feynman,2012,2,PC,301
VLM,Feynman,2012,3,SO,NA
VLM,Feynman,2012,4,AS,309
VLM,Feynman,2012,5,EC,309
VLM,Feynman,2012,6,MS,NA
WAM,Plickert,2008,1,RM,306
WAM,Plickert,2008,2,X1,317
WAM,Plickert,2008,3,RO,318
WAM,Plickert,2008,4,RM,303
WAM,Plickert,2008,5,RO,316
WAM,Plickert,2008,6,WA,289
WAM,Plickert,2008,7,WA,285
WAM,Plickert,2008,8,YW,299
WCS,Dunphy,2005,1,SM,291
WCS,Dunphy,2005,2,ST,287
WCS,Dunphy,2005,3,BE,NA
WCS,Dunphy,2005,4,RO,NA
WCS,Dunphy,2005,5,BB,278
WCS,Lejeune,2004,1,BE,303
WCS,Lejeune,2004,2,BB,303
WCS,Lejeune,2004,3,RO,298
WCS,Lejeune,2004,4,SM,293
WMH,McKnight,2013,3,BB,283
WMH,McKnight,2013,4,BC,287
WMH,McKnight,2013,45,RM,293
WMH,McKnight,2013,46,RO,NA
WNM,Lucia,2011,1,SM,300
WNM,Lucia,2011,2,TP,320
WNM,Lucia,2011,3,PO,317
WNM,Lucia,2011,4,HL,300
WNM,Lucia,2011,5,RM,298
WNM,Lucia,2011,6,AS,300
WNM,Lucia,2011,7,SH,291
WNM,Lucia,2011,8,WO,317
WNM,Lucia,2011,9,RO,319
WNM,Lucia,2011,10,MC,284
WNM,Lucia,2012,2,TP,298
WNM,Lucia,2012,3,PO,NA
WNM,Lucia,2012,4,HL,300
WNM,Lucia,2012,5,RM,290
WNM,Lucia,2012,7,SH,294
WNM,Lucia,2012,11,AL,286
WNM,Lucia,2012,12,BG,301
WNM,Lucia,2012,13,EC,319
WNM,Lucia,2012,14,SW,300
WNM,Lucia,2012,15,EC,315
WNM,Lucia,2013,2,TP,301
WNM,Lucia,2013,3,PO,312
WNM,Lucia,2013,4,HL,297
WNM,Lucia,2013,5,RM,295
WNM,Lucia,2013,7,SH,291
WNM,Lucia,2013,11,AL,289
WNM,Lucia,2013,12,BG,299
WNM,Lucia,2013,13,EC,NA
WNM,Lucia,2013,16,BC,309
WNM,Lucia,2013,17,SM,284
WNM,Lucia,2014,3,PO,316
WNM,Lucia,2014,11,AL,293
WNM,Lucia,2014,12,BG,291
WNM,Lucia,2014,13,EC,309
WNM,Lucia,2014,14,SW,NA
WNM,Lucia,2014,17,SM,288
WNM,Lucia,2014,18,AP,303
WNM,Lucia,2014,19,RM,299
WNM,Lucia,2014,20,BB,NA
WRH,LeSage,2012,1,SM,295
WRH,LeSage,2012,2,SM,288
WRH,LeSage,2012,3,SM,NA
WRH,LeSage,2012,4,SM,NA
WRH,LeSage,2012,5,SM,NA
WRH,LeSage,2012,7,SM,NA
WRH,LeSage,2012,9,SM,291
WRH,LeSage,2012,10,WA,260
WRH,LeSage,2012,11,TA,261
WRH,LeSage,2012,12,AP,262
WRH,LeSage,2013,1,SM,300
WRH,LeSage,2013,3,SM,292
WRH,LeSage,2013,8,SM,295
WRH,LeSage,2013,9,SM,NA
WRH,LeSage,2013,13,SM,NA
WRH,LeSage,2013,22,AP,269
WRH,LeSage,2013,23,AP,283
WRH,LeSage,2014,1,SM,300
WRH,LeSage,2014,3,SM,285
WRH,LeSage,2014,8,SM,296
WRH,LeSage,2014,22,AP,286
WRH,LeSage,2014,24,AP,279
WRH,LeSage,2014,25,SM,290
WRH,LeSage,2014,26,SM,282
WRH,LeSage,2014,27,SM,277
WRH,LeSage,2014,28,SM,281
WRH,LeSage,2014,29,SM,292
WRH,LeSage,2014,30,SM,289
WSM,Greene,2007,1,WB,289
WSM,Greene,2007,2,TA,300
WSM,Greene,2007,3,BE,NA
WSM,Greene,2007,4,RO,NA
WSM,Greene,2007,5,RM,280
WSM,Greene,2007,6,SM,301
WSM,Greene,2007,7,BB,297
WSM,Greene,2007,8,BC,292
WSM,Greene,2007,9,BB,285
WSM,Greene,2007,10,BE,NA
WSM,Greene,2007,11,RM,303
WSM,Greene,2007,12,HL,NA
WSM,Greene,2007,13,SM,NA
WSM,Greene,2007,14,SA,295
WSM,Greene,2007,15,TA,NA
WSM,Greene,2008,1,WB,277
WSM,Greene,2008,2,RO,300
WSM,Greene,2008,3,BE,NA
WSM,Greene,2008,4,RO,NA
WSM,Greene,2008,5,RM,289
WSM,Greene,2008,6,SM,294
WSM,Greene,2008,7,BB,281
WSM,Greene,2008,8,BC,287
WSM,Greene,2008,9,BB,284
WSM,Greene,2008,10,BE,NA
WSM,Greene,2008,11,RM,290
WSM,Greene,2008,12,HL,NA
WSM,Greene,2008,13,SM,298
WSM,Greene,2008,14,SA,294
WSM,Greene,2008,15,TA,286
WSM,Greene,2009,1,WB,286
WSM,Greene,2009,2,RO,NA
WSM,Greene,2009,3,BE,NA
WSM,Greene,2009,4,RO,303
WSM,Greene,2009,5,RM,284
WSM,Greene,2009,6,SM,303
WSM,Greene,2009,7,BB,285
WSM,Greene,2009,8,BC,295
WSM,Greene,2009,9,BB,285
WSM,Greene,2009,10,BE,NA
WSM,Greene,2009,11,RM,288
WSM,Greene,2009,12,HL,299
WSM,Greene,2009,13,SM,298
WSM,Greene,2009,14,SA,298
WSM,Greene,2009,15,TA,291
WSM,Greene,2010,1,WB,274
WSM,Greene,2010,2,RO,NA
WSM,Greene,2010,3,BE,289
WSM,Greene,2010,4,RO,316
WSM,Greene,2010,5,SM,277
WSM,Greene,2010,6,SM,296
WSM,Greene,2010,7,BB,287
WSM,Greene,2010,8,BC,NA
WSM,Greene,2010,9,BB,NA
WSM,Greene,2010,10,BE,311
WSM,Greene,2010,11,RM,296
WSM,Greene,2010,12,HL,308
WSM,Greene,2010,13,SM,296
WSM,Greene,2010,14,SA,NA
WSM,Greene,2010,15,TA,301
WSM,Greene,2010,16,PH,297
WWE,Castronovo,2006,1,WA,274
WWE,Castronovo,2006,2,PO,296
WWE,Castronovo,2007,1,RM,NA
WWE,Castronovo,2007,2,WO,300
WWE,Castronovo,2007,3,RM,NA
WWE,Diamond,2006,1,WA,285
WWE,Diamond,2006,2,RO,NA
WWE,Silverstone,2005,1,BC,296
WWE,Silverstone,2005,2,BT,279
