School Code,Teacher,Date,Julian,Tree ID,Health,Wool,Eggs,Growth (cm)
ANV,LeTellier,2013-05-20,140,1,1,1,27,NA
ANV,LeTellier,2013-05-20,140,2,0,1,1,NA
ANV,LeTellier,2013-05-20,140,3,0,1,5,NA
ANV,LeTellier,2013-05-20,140,4,0,1,12,NA
ANV,LeTellier,2013-05-20,140,5,0,1,10,NA
ANV,LeTellier,2013-05-20,140,6,0,1,13,NA
ANV,LeTellier,2013-05-20,140,7,0,1,22,NA
ANV,LeTellier,2013-05-20,140,8,0,1,5,NA
ANV,LeTellier,2013-05-20,140,9,1,1,14,NA
ANV,LeTellier,2013-05-20,140,10,1,1,6,NA
ANV,LeTellier,2013-05-20,140,11,1,1,2,NA
ANV,LeTellier,2013-05-20,140,13,0,0,NA,NA
ANV,LeTellier,2013-05-20,140,14,0,1,7,NA
ANV,LeTellier,2013-05-20,140,15,2,1,19,NA
ANV,LeTellier,2013-05-20,140,16,2,1,7,NA
ANV,LeTellier,2013-05-20,140,17,0,1,13,NA
ANV,LeTellier,2013-05-20,140,18,0,1,2,NA
ANV,LeTellier,2013-05-20,140,20,0,0,NA,NA
ANV,LeTellier,2013-09-24,267,1,NA,NA,NA,3
ANV,LeTellier,2013-09-24,267,2,NA,NA,NA,4.5
ANV,LeTellier,2013-09-24,267,3,NA,NA,NA,2
ANV,LeTellier,2013-09-24,267,4,NA,NA,NA,2.3
ANV,LeTellier,2013-09-24,267,5,NA,NA,NA,3.8
ANV,LeTellier,2013-09-24,267,6,NA,NA,NA,5.5
ANV,LeTellier,2013-09-24,267,7,NA,NA,NA,0.8
ANV,LeTellier,2013-09-24,267,8,NA,NA,NA,9.8
ANV,LeTellier,2013-09-24,267,9,NA,NA,NA,2.3
ANV,LeTellier,2013-09-24,267,10,NA,NA,NA,0
ANV,LeTellier,2013-09-24,267,11,NA,NA,NA,1.2
ANV,LeTellier,2013-09-24,267,12,NA,NA,NA,2
ANV,LeTellier,2013-09-24,267,13,NA,NA,NA,0
ANV,LeTellier,2013-09-24,267,14,NA,NA,NA,2.8
ANV,LeTellier,2013-09-24,267,15,NA,NA,NA,0
ANV,LeTellier,2013-09-24,267,16,NA,NA,NA,3.8
ANV,LeTellier,2013-09-24,267,17,NA,NA,NA,0.9
ANV,LeTellier,2013-09-24,267,18,NA,NA,NA,2.7
ANV,LeTellier,2013-09-24,267,19,NA,NA,NA,3.7
ANV,LeTellier,2013-09-24,267,20,NA,NA,NA,3.3
ANV,LeTellier,2014-05-13,133,1,0,0,0,NA
ANV,LeTellier,2014-05-13,133,2,0,1,1,NA
ANV,LeTellier,2014-05-13,133,3,0,1,4,NA
ANV,LeTellier,2014-05-13,133,4,0,0,0,NA
ANV,LeTellier,2014-05-13,133,5,0,1,4,NA
ANV,LeTellier,2014-05-13,133,6,0,0,0,NA
ANV,LeTellier,2014-09-23,266,1,2,NA,NA,0
ANV,LeTellier,2014-09-23,266,2,0,NA,NA,6
ANV,LeTellier,2014-09-23,266,3,1,NA,NA,2.5
ANV,LeTellier,2014-09-23,266,4,1,NA,NA,0
ANV,LeTellier,2014-09-23,266,5,1,NA,NA,2.5
ANV,LeTellier,2014-09-23,266,6,1,NA,NA,3
ANV,LeTellier,2014-09-23,266,7,1,NA,NA,0
ANV,LeTellier,2014-09-23,266,8,1,NA,NA,6
ANV,LeTellier,2014-09-23,266,9,1,NA,NA,4
ANV,LeTellier,2014-09-23,266,10,1,NA,NA,3
ANV,LeTellier,2014-09-23,266,11,2,NA,NA,1.7
ANV,LeTellier,2014-09-23,266,12,2,NA,NA,2
ANV,LeTellier,2014-09-23,266,13,1,NA,NA,0.75
ANV,LeTellier,2014-09-23,266,14,2,NA,NA,5
ANV,LeTellier,2014-09-23,266,15,1,NA,NA,5
ANV,LeTellier,2014-09-23,266,16,1,NA,NA,3.5
ANV,LeTellier,2014-09-23,266,17,1,NA,NA,3
ANV,LeTellier,2014-09-23,266,18,2,NA,NA,3.5
ANV,LeTellier,2014-09-23,266,19,0,NA,NA,5
ANV,LeTellier,2014-09-23,266,20,2,NA,NA,3.8
ANV,LeTellier,2015-05-20,140,2,0,1,0,NA
ANV,LeTellier,2015-05-20,140,3,2,0,0,NA
ANV,LeTellier,2015-05-20,140,4,2,0,0,NA
ANV,LeTellier,2015-05-20,140,5,2,1,0,NA
ANV,LeTellier,2015-05-20,140,6,2,1,0,NA
ANV,LeTellier,2015-05-20,140,7,1,0,0,NA
ANV,LeTellier,2015-05-20,140,8,1,0,0,NA
ANV,LeTellier,2015-05-20,140,9,2,0,0,NA
ANV,LeTellier,2015-05-20,140,10,2,0,0,NA
ANV,LeTellier,2015-05-20,140,11,2,1,0,NA
ANV,LeTellier,2015-05-20,140,12,2,0,0,NA
ANV,LeTellier,2015-05-20,140,13,2,0,0,NA
ANV,LeTellier,2015-05-20,140,14,2,1,0,NA
ANV,LeTellier,2015-05-20,140,15,2,0,0,NA
ANV,LeTellier,2015-05-20,140,16,2,1,1,NA
ANV,LeTellier,2015-05-20,140,17,1,0,0,NA
ANV,LeTellier,2015-05-20,140,18,2,1,1,NA
ANV,LeTellier,2015-05-20,140,19,2,0,0,NA
ANV,LeTellier,2015-05-20,140,20,1,0,0,NA
APM,Ferro,2004-10-21,295,10,1,0,0,8.3
APM,Ferro,2004-11-22,327,8,1,0,0,4
APM,Ferro,2004-11-22,327,9,1,0,0,3.1
APM,Ferro,2004-11-22,327,11,3,0,0,NA
APM,Ferro,2004-11-22,327,12,0,1,3,NA
APM,Ferro,2004-11-22,327,13,1,0,NA,NA
APM,Ferro,2004-11-22,327,14,1,1,60,2
APM,Ferro,2004-11-22,327,15,NA,0,0,NA
APM,Ferro,2004-11-22,327,16,1,0,NA,NA
APM,Ferro,2005-02-14,45,1,1,0,NA,NA
APM,Ferro,2005-02-14,45,2,1,1,NA,NA
APM,Ferro,2005-02-14,45,3,1,0,0,NA
APM,Ferro,2005-02-14,45,4,NA,1,NA,NA
APM,Ferro,2005-02-14,45,5,1,1,NA,5
APM,Ferro,2005-02-14,45,6,0,0,0,NA
APM,Ferro,2005-02-14,45,7,0,0,0,NA
APM,Ferro,2005-02-14,45,13,1,1,7,NA
APM,Ferro,2005-06-14,165,1,1,0,NA,NA
APM,Ferro,2005-06-14,165,15,1,NA,0,NA
APM,Ferro,2005-06-14,165,16,1,1,2,NA
ARH,Murphy,2013-09-20,263,1,0,0,0,14.75
ARH,Murphy,2013-09-20,263,2,0,0,0,21.25
ARH,Murphy,2014-05-19,139,3,1,1,0,NA
ARH,Murphy,2014-05-19,139,3,1,1,1,NA
ARH,Murphy,2014-05-21,141,2,0,0,0,NA
ARH,Murphy,2014-09-25,268,3,2,NA,NA,5.5
ARH,Murphy,2014-09-26,269,4,0,NA,NA,30
ARH,Murphy,2014-10-03,276,1,0,0,NA,19
ARH,Murphy,2014-10-03,276,2,1,0,NA,3.5
ARH,Murphy,2015-05-14,134,3,1,1,7,NA
ARH,Murphy,2015-05-14,134,4,0,0,0,NA
ARH,Murphy,2015-05-26,146,1,0,0,0,NA
ARH,Murphy,2015-05-26,146,2,1,0,0,NA
ARM,Ferro,2005-02-14,45,12,1,1,8,NA
ARM,Moore,2004-11-10,315,1,0,0,0,NA
ARM,Moore,2004-11-10,315,2,0,0,0,NA
ARM,Moore,2004-11-19,324,1,0,0,0,NA
ARM,Moore,2004-11-19,324,2,0,0,0,NA
ARM,Moore,2005-04-26,116,1,0,0,0,NA
ARM,Moore,2005-04-26,116,2,0,0,0,NA
BEE,Rossow,2011-09-16,259,1,1,NA,NA,7.4
BEE,Rossow,2011-09-16,259,2,1,NA,NA,8.9
BEE,Rossow,2011-09-21,264,3,1,NA,NA,8.9
BEE,Rossow,2012-05-07,128,1,6,NA,NA,NA
BEE,Rossow,2012-05-07,128,2,6,NA,NA,NA
BEE,Rossow,2012-05-07,128,3,1,1,13,NA
BEE,Rossow,2012-09-13,257,3,2,1,NA,3.4
EBM,LaPointe,2014-05-07,127,1,0,0,0,5
EBM,LaPointe,2014-05-07,127,2,1,1,2,4
EBM,LaPointe,2014-05-07,127,3,0,1,3,5
EBM,LaPointe,2014-05-14,134,4,2,1,27,7
EBM,LaPointe,2014-05-14,134,5,2,1,104,6
EBM,LaPointe,2014-05-14,134,6,2,1,12,11
EXH,Kimball,2009-04-15,105,105,1,0,0,6.5
EXH,Kimball,2009-04-15,105,107,0,0,0,6.5
EXH,Kimball,2009-04-15,105,110,1,0,0,6
EXH,Kimball,2009-05-05,125,61,0,0,0,6.5
EXH,Kimball,2009-05-05,125,63,1,0,0,4
EXH,Kimball,2009-05-05,125,64,1,0,0,3
EXH,Kimball,2009-05-05,125,101,0,0,0,3.7
EXH,Kimball,2009-05-05,125,102,0,0,0,9
EXH,Kimball,2009-05-05,125,103,0,0,0,6
EXH,Kimball,2009-05-05,125,104,1,0,0,3.3
EXH,Kimball,2009-05-05,125,109,1,0,0,3.5
EXH,Kimball,2009-10-22,295,61,0,NA,NA,NA
EXH,Kimball,2009-10-22,295,63,1,NA,NA,8
EXH,Kimball,2009-10-22,295,64,1,NA,NA,8.5
EXH,Kimball,2009-10-22,295,101,0,NA,NA,3.7
EXH,Kimball,2009-10-22,295,102,0,NA,NA,NA
EXH,Kimball,2009-10-22,295,103,0,NA,NA,5
EXH,Kimball,2009-10-22,295,104,1,NA,NA,NA
EXH,Kimball,2009-10-22,295,105,1,NA,NA,5.4
EXH,Kimball,2009-10-22,295,106,0,NA,NA,NA
EXH,Kimball,2009-10-22,295,107,0,NA,NA,4.1
EXH,Kimball,2009-10-22,295,108,NA,NA,NA,NA
EXH,Kimball,2009-10-22,295,109,1,NA,NA,3.5
EXH,Kimball,2009-10-22,295,110,1,NA,NA,6
EXH,Kimball,2010-06-09,160,63,0,0,0,4.3
EXH,Kimball,2010-06-09,160,64,0,0,0,3.3
EXH,Kimball,2010-06-09,160,101,0,0,0,6.1
EXH,Kimball,2010-06-09,160,102,0,0,0,5.2
EXH,Kimball,2010-06-09,160,103,1,0,0,3.4
EXH,Kimball,2010-06-09,160,105,0,0,0,4.8
EXH,Kimball,2010-06-09,160,106,0,0,0,3.5
EXH,Kimball,2010-09-16,259,6,0,0,0,5.5
EXH,Kimball,2010-09-16,259,59,NA,0,0,0
EXH,Kimball,2010-09-16,259,60,0,0,0,5.2
EXH,Kimball,2010-09-16,259,63,0,0,0,5.8
EXH,Kimball,2010-09-16,259,64,1,0,0,1.6
EXH,Kimball,2010-09-16,259,65,1,0,0,0.8
EXH,Kimball,2010-09-16,259,102,1,0,0,1.3
EXH,Kimball,2010-09-16,259,103,3,NA,NA,NA
EXH,Kimball,2010-09-16,259,104,3,NA,NA,NA
EXH,Kimball,2010-09-16,259,105,1,0,0,1
EXH,Kimball,2010-09-16,259,106,1,0,0,2
EXH,Kimball,2010-09-16,259,107,1,0,0,3
EXH,Kimball,2010-09-16,259,109,1,0,0,4
EXH,Kimball,2011-06-02,153,6,1,0,0,NA
EXH,Kimball,2011-06-02,153,59,2,0,0,NA
EXH,Kimball,2011-06-02,153,60,1,0,0,NA
EXH,Kimball,2011-06-02,153,63,2,0,0,NA
EXH,Kimball,2011-06-02,153,64,2,0,0,NA
EXH,Kimball,2011-06-02,153,65,2,0,0,NA
EXH,Kimball,2011-06-02,153,102,2,0,0,NA
EXH,Kimball,2011-06-02,153,103,3,NA,NA,NA
EXH,Kimball,2011-06-02,153,104,3,NA,NA,NA
EXH,Kimball,2011-06-02,153,105,2,0,0,NA
EXH,Kimball,2011-06-02,153,106,2,0,0,NA
EXH,Kimball,2011-06-02,153,107,2,0,0,NA
EXH,Kimball,2011-06-02,153,109,2,0,0,NA
EXH,Kimball,2013-10-09,282,26,0,0,0,6
EXH,Kimball,2013-10-09,282,57,0,0,0,8.25
EXH,Kimball,2013-10-09,282,63,0,0,0,7
EXH,Kimball,2013-10-09,282,64,0,0,0,8.21
EXH,Kimball,2013-10-09,282,102,0,0,0,2
EXH,Kimball,2013-10-09,282,105,0,0,0,3.2
EXH,Kimball,2013-10-09,282,107,0,0,0,6.13
EXH,Kimball,2013-10-09,282,108,0,0,0,8
EXH,Kimball,2013-10-09,282,116,0,0,0,7
EXH,Kimball,2013-10-09,282,132,0,0,0,6.25
EXH,Kimball,2013-10-09,282,135,0,0,0,4.75
EXH,Kimball,2014-05-21,141,6,1,0,0,NA
EXH,Kimball,2014-05-21,141,59,2,0,0,NA
EXH,Kimball,2014-05-21,141,60,0,0,0,NA
EXH,Kimball,2014-05-21,141,63,0,0,0,NA
EXH,Kimball,2014-05-21,141,64,1,0,0,NA
EXH,Kimball,2014-05-21,141,65,1,0,0,NA
EXH,Kimball,2014-05-21,141,102,1,0,0,NA
EXH,Kimball,2014-05-21,141,105,1,0,0,NA
EXH,Kimball,2014-05-21,141,106,1,0,0,NA
EXH,Kimball,2014-05-21,141,107,1,0,0,NA
EXH,Kimball,2014-05-21,141,109,1,0,0,NA
EXH,Kimball,2014-09-25,268,19,1,NA,NA,3
EXH,Kimball,2014-09-25,268,63,0,NA,NA,4
EXH,Kimball,2014-09-25,268,64,0,NA,NA,6.5
EXH,Kimball,2014-09-25,268,65,0,NA,NA,5
EXH,Kimball,2014-09-25,268,102,0,NA,NA,4.5
EXH,Kimball,2014-09-25,268,105,1,NA,NA,4.5
EXH,Kimball,2014-09-25,268,107,0,NA,NA,7
EXH,Kimball,2014-09-25,268,116,1,NA,NA,2
EXH,Kimball,2014-09-25,268,117,0,NA,NA,3
EXH,Kimball,2014-09-25,268,132,0,NA,NA,6
EXH,Kimball,2014-09-25,268,135,0,NA,NA,5
EXH,Kimball,2014-09-25,268,150,0,NA,NA,6
EXH,Kimball,2015-06-04,155,19,0,0,0,NA
EXH,Kimball,2015-06-04,155,63,1,0,0,NA
EXH,Kimball,2015-06-04,155,64,1,0,0,NA
EXH,Kimball,2015-06-04,155,65,1,0,0,NA
EXH,Kimball,2015-06-04,155,102,1,0,0,NA
EXH,Kimball,2015-06-04,155,107,1,0,0,NA
EXH,Kimball,2015-06-04,155,116,1,1,1,NA
EXH,Kimball,2015-06-04,155,125,0,0,0,NA
EXH,Kimball,2015-06-04,155,132,1,0,0,NA
EXH,Kimball,2015-06-04,155,135,0,0,0,NA
EXH,Kimball,2015-06-04,155,150,0,0,0,NA
FRE,Hughes,2005-10-03,276,1,1,0,0,NA
FRE,Hughes,2005-10-03,276,2,1,0,0,NA
FRE,Hughes,2005-10-03,276,3,0,0,0,NA
FRE,Hughes,2005-10-03,276,4,1,0,0,NA
FRE,Hughes,2005-10-03,276,5,1,0,0,NA
FRE,Hughes,2005-10-03,276,6,0,0,0,NA
FRE,Hughes,2006-05-13,133,1,1,0,0,NA
FRE,Hughes,2006-05-13,133,2,1,0,0,NA
FRE,Hughes,2006-05-13,133,3,0,0,0,NA
FRE,Hughes,2006-05-13,133,4,1,0,0,NA
FRE,Hughes,2006-05-13,133,5,1,0,0,NA
FRE,Hughes,2006-05-13,133,6,0,0,0,NA
GES,Flagg,2009-09-28,271,1,0,0,0,7.1
GES,Flagg,2009-09-28,271,2,1,0,0,4.9
GES,Flagg,2009-09-28,271,3,2,0,0,3.4
GES,Flagg,2009-09-28,271,4,2,0,0,5.8
GES,Flagg,2009-09-28,271,6,0,0,0,4
GES,Flagg,2009-09-28,271,7,1,0,0,2.9
GES,Flagg,2009-09-28,271,8,0,0,0,4.2
GES,Flagg,2010-10-12,285,1,0,0,0,2.7
GES,Flagg,2010-10-12,285,2,1,0,0,2.7
GES,Flagg,2010-10-12,285,3,2,0,0,3.3
GES,Flagg,2010-10-12,285,4,2,0,0,2.8
GES,Flagg,2010-10-12,285,6,0,0,0,3.2
GES,Flagg,2010-10-12,285,7,1,0,0,2.2
GES,Flagg,2010-10-12,285,8,0,0,0,3.8
GES,Flagg,2010-10-12,285,9,1,0,0,4
GES,Flagg,2010-10-12,285,10,1,0,0,4.8
GES,Flagg,2011-05-02,122,1,0,0,0,NA
GES,Flagg,2011-05-02,122,2,1,0,0,NA
GES,Flagg,2011-05-02,122,3,2,0,0,NA
GES,Flagg,2011-05-02,122,4,2,0,0,NA
GES,Flagg,2011-05-02,122,6,0,0,0,NA
GES,Flagg,2011-05-02,122,7,1,0,0,NA
GES,Flagg,2011-05-02,122,8,0,0,0,NA
GES,Flagg,2011-05-02,122,9,1,0,0,NA
GES,Flagg,2011-05-02,122,10,1,0,0,NA
GES,Rabideau,2008-11-04,309,1,0,0,0,6.5
GES,Rabideau,2008-11-04,309,2,2,0,0,6.8
GES,Rabideau,2008-11-04,309,3,2,0,0,7.9
GES,Rabideau,2008-11-04,309,4,1,0,0,7.3
GES,Rabideau,2008-11-04,309,5,0,0,0,8.5
GES,Rabideau,2008-11-04,309,6,1,0,0,5
GES,Rabideau,2008-11-04,309,7,2,0,0,3.5
GHS,Perham,2007-10-30,303,1,1,0,0,4.4
GHS,Perham,2007-10-30,303,2,0,0,0,6.5
GHS,Perham,2007-10-30,303,3,2,0,0,7.5
GHS,Perham,2007-10-30,303,4,1,0,0,4.3
GHS,Perham,2007-10-30,303,5,0,0,0,6
GHS,Perham,2007-10-30,303,6,1,0,0,4.6
GHS,Perham,2007-10-30,303,7,0,0,0,5.6
GHS,Perham,2007-10-30,303,8,2,0,0,3
GHS,Perham,2007-10-30,303,9,1,0,0,6
GHS,Perham,2007-10-30,303,10,0,0,0,10.3
GHS,Perham,2007-10-30,303,11,1,0,0,8.6
GHS,Perham,2007-10-30,303,12,2,0,0,5.5
GHS,Perham,2007-10-30,303,13,1,0,0,4.3
GHS,Perham,2007-10-30,303,14,1,0,0,4.6
GHS,Perham,2007-10-30,303,15,2,0,0,5.6
GHS,Perham,2007-10-30,303,16,2,1,21,2.4
GHS,Perham,2007-10-30,303,17,0,0,0,4.9
GHS,Perham,2007-10-30,303,18,1,0,0,4.8
GHS,Perham,2007-10-30,303,19,0,0,0,10
GHS,Perham,2007-10-30,303,20,1,0,0,4.3
GRH,Yan,2014-09-03,246,1,1,NA,NA,11.1
GRH,Yan,2014-09-03,246,3,1,NA,NA,4.13
GRH,Yan,2014-09-03,246,4,0,NA,NA,7.4
GRH,Yan,2014-09-03,246,5,1,NA,NA,3.84
GRH,Yan,2014-09-03,246,6,0,NA,NA,7.8
GRH,Yan,2014-09-04,247,2,1,NA,NA,2.7
GRH,Yan,2015-06-03,154,1,1,1,3,NA
GRH,Yan,2015-06-03,154,2,1,1,4,NA
GRH,Yan,2015-06-03,154,3,1,1,12,NA
GRH,Yan,2015-06-03,154,4,0,0,0,NA
GRH,Yan,2015-06-03,154,5,1,1,6,NA
GRH,Yan,2015-06-06,157,6,0,0,0,NA
HAE,Orzechowski,2014-10-30,303,1,NA,NA,NA,10
HAE,Orzechowski,2015-05-21,141,1,0,1,4,10
HCH,LeTellier,2014-05-13,133,7,0,0,0,NA
HCH,LeTellier,2014-05-13,133,8,0,0,0,NA
HCH,LeTellier,2014-05-13,133,9,0,0,0,NA
HCH,LeTellier,2014-05-13,133,10,0,0,0,NA
HCH,LeTellier,2014-05-13,133,11,0,1,1,NA
HCH,LeTellier,2014-05-13,133,12,0,0,0,NA
HCH,LeTellier,2014-05-13,133,13,0,0,0,NA
HCH,LeTellier,2014-05-13,133,14,0,0,0,NA
HCH,LeTellier,2014-05-13,133,15,0,1,1,NA
HCH,LeTellier,2014-05-13,133,16,0,0,0,NA
HCH,LeTellier,2014-05-13,133,17,0,1,1,NA
HCH,LeTellier,2014-05-13,133,18,0,1,4,NA
HCH,LeTellier,2014-05-13,133,19,0,0,0,NA
HCH,LeTellier,2014-05-13,133,20,0,0,0,NA
HCH,LeTellier,2014-09-23,266,1,2,NA,NA,0
HCH,LeTellier,2014-09-23,266,2,0,NA,NA,6
HCH,LeTellier,2014-09-23,266,3,1,NA,NA,2.5
HCH,LeTellier,2014-09-23,266,4,1,NA,NA,0
HCH,LeTellier,2014-09-23,266,5,1,NA,NA,2.5
HCH,LeTellier,2014-09-23,266,6,1,NA,NA,3
HCH,LeTellier,2014-09-23,266,7,1,NA,NA,0
HEE,Gurdak-Foley,2009-10-08,281,1,0,NA,NA,NA
HEE,Gurdak-Foley,2010-05-26,146,1,1,1,6,NA
HEE,Gurdak-Foley,2010-05-26,146,2,0,0,0,NA
HEE,Gurdak-Foley,2010-05-26,146,3,0,0,0,NA
HEE,Gurdak-Foley,2010-05-26,146,4,1,1,8,NA
HEE,Gurdak-Foley,2010-05-26,146,5,1,1,9,NA
HEE,Gurdak-Foley,2010-10-14,287,1,1,1,NA,8.8
HEE,Gurdak-Foley,2010-10-14,287,2,0,0,NA,8.5
HEE,Gurdak-Foley,2010-10-14,287,3,0,0,NA,9.3
HEE,Gurdak-Foley,2010-10-14,287,4,1,1,NA,8
HEE,Gurdak-Foley,2010-10-14,287,5,0,1,NA,10
HEE,Gurdak-Foley,2011-05-31,151,1,1,1,8,NA
HEE,Gurdak-Foley,2011-05-31,151,2,0,1,1,NA
HEE,Gurdak-Foley,2011-05-31,151,3,0,1,1,NA
HEE,Gurdak-Foley,2011-05-31,151,4,1,1,12,NA
HEE,Gurdak-Foley,2011-05-31,151,5,0,1,10,NA
HEE,Gurdak-Foley,2011-12-23,357,1,1,1,NA,9
HEE,Gurdak-Foley,2011-12-23,357,2,1,NA,NA,12
HEE,Gurdak-Foley,2011-12-23,357,3,1,NA,NA,6
HEE,Gurdak-Foley,2011-12-23,357,4,1,NA,NA,2
HEE,Gurdak-Foley,2011-12-23,357,5,1,NA,NA,14
HEE,Gurdak-Foley,2012-05-30,151,1,1,1,5,NA
HEE,Gurdak-Foley,2013-05-31,151,1,1,1,29,2
HEE,Gurdak-Foley,2014-05-29,149,1,1,1,50,NA
HEE,Gurdak-Foley,2015-06-10,161,1,2,1,85,NA
HIS,Whipps,2007-09-24,267,1,1,0,0,NA
HIS,Whipps,2007-09-24,267,2,1,0,0,NA
HIS,Whipps,2007-09-24,267,3,1,0,0,NA
HIS,Whipps,2007-09-24,267,4,2,0,0,NA
HIS,Whipps,2008-06-03,155,1,1,0,0,1.8
HIS,Whipps,2008-06-03,155,2,1,0,0,2
HIS,Whipps,2008-06-03,155,3,1,0,0,3.3
HIS,Whipps,2008-06-03,155,4,2,0,0,1.1
HME,Kent,2007-10-09,282,1,1,0,0,NA
HME,Kent,2007-10-09,282,2,1,0,0,NA
HME,Kent,2007-10-09,282,3,1,0,0,NA
HME,Kent,2007-10-09,282,4,1,0,0,NA
HME,Kent,2007-10-09,282,6,1,0,0,NA
HME,Kent,2007-10-09,282,7,1,0,0,NA
HME,Kent,2007-10-09,282,8,1,0,0,NA
JRB,Bennett,2005-10-19,292,1,0,0,0,NA
JRB,Bennett,2005-10-19,292,2,0,0,0,NA
JRB,Bennett,2005-10-19,292,3,0,0,0,NA
JRB,Bennett,2005-10-19,292,4,0,0,0,NA
JRB,Bennett,2005-10-19,292,5,1,0,0,NA
JRB,Bennett,2005-10-19,292,6,0,0,0,NA
JRB,Bennett,2005-10-19,292,7,0,0,0,NA
JRB,Bennett,2005-10-19,292,8,1,0,0,NA
JRB,Bennett,2005-10-19,292,9,0,0,0,NA
JRB,Bennett,2005-10-19,292,10,1,0,0,NA
JRB,Bennett,2006-05-12,132,1,0,0,0,NA
JRB,Bennett,2006-05-12,132,2,0,0,0,NA
JRB,Bennett,2006-05-12,132,3,0,0,0,NA
JRB,Bennett,2006-05-12,132,4,0,0,0,NA
JRB,Bennett,2006-05-12,132,5,1,0,0,NA
JRB,Bennett,2006-05-12,132,6,0,0,0,NA
JRB,Bennett,2006-05-12,132,7,0,0,0,NA
JRB,Bennett,2006-05-12,132,8,1,0,0,NA
JRB,Bennett,2006-05-12,132,9,0,0,0,NA
JRB,Bennett,2006-05-12,132,10,1,0,0,NA
JRB,Bennett,2006-11-01,305,1,0,0,0,NA
JRB,Bennett,2006-11-01,305,2,0,0,0,NA
JRB,Bennett,2006-11-01,305,3,0,0,0,NA
JRB,Bennett,2006-11-01,305,4,0,0,0,NA
JRB,Bennett,2006-11-01,305,5,0,0,0,NA
JRB,Bennett,2006-11-01,305,6,0,0,0,NA
JRB,Bennett,2006-11-01,305,7,0,0,0,NA
JRB,Bennett,2006-11-01,305,8,0,0,0,NA
JRB,Bennett,2006-11-01,305,9,0,0,0,NA
JRB,Bennett,2006-11-01,305,10,0,0,0,NA
JRB,Bennett,2007-04-24,114,1,0,0,0,NA
JRB,Bennett,2007-04-24,114,2,1,0,0,NA
JRB,Bennett,2007-04-24,114,3,0,0,0,NA
JRB,Bennett,2007-04-24,114,4,0,0,0,NA
JRB,Bennett,2007-04-24,114,5,1,0,0,NA
JRB,Bennett,2007-04-24,114,6,1,0,0,NA
JRB,Bennett,2007-04-24,114,7,0,0,0,NA
JRB,Bennett,2007-04-24,114,8,1,0,0,NA
JRB,Bennett,2007-04-24,114,9,1,0,0,NA
JRB,Bennett,2007-04-24,114,10,1,0,0,NA
JRB,Bennett,2007-11-24,328,1,1,0,0,4.5
JRB,Bennett,2007-11-24,328,2,0,0,0,11.3
JRB,Bennett,2007-11-24,328,3,0,0,0,6.4
JRB,Bennett,2007-11-24,328,4,1,0,0,6
JRB,Bennett,2007-11-24,328,5,1,0,0,4.9
JRB,Bennett,2007-11-24,328,6,1,0,0,8.1
JRB,Bennett,2007-11-24,328,7,1,0,0,12.3
JRB,Bennett,2007-11-24,328,8,1,0,0,10.5
JRB,Bennett,2007-11-24,328,9,0,0,0,7.6
JRB,Bennett,2007-11-24,328,10,1,0,0,9.6
JRB,Bennett,2008-05-07,128,1,1,0,0,NA
JRB,Bennett,2008-05-07,128,2,0,0,0,NA
JRB,Bennett,2008-05-07,128,3,0,0,0,NA
JRB,Bennett,2008-05-07,128,4,0,0,0,NA
JRB,Bennett,2008-05-07,128,5,1,0,0,NA
JRB,Bennett,2008-05-07,128,6,1,0,0,NA
JRB,Bennett,2008-05-07,128,7,0,0,0,NA
JRB,Bennett,2008-05-07,128,8,0,0,0,NA
JRB,Bennett,2008-05-07,128,9,1,0,0,NA
JRB,Bennett,2008-05-07,128,10,1,0,0,NA
JRB,Bennett,2008-09-15,259,1,0,0,0,8
JRB,Bennett,2008-09-15,259,2,0,0,0,8.9
JRB,Bennett,2008-09-15,259,3,0,0,0,14.9
JRB,Bennett,2008-09-15,259,4,1,0,0,8.7
JRB,Bennett,2008-09-15,259,5,1,0,0,7.9
JRB,Bennett,2008-09-15,259,6,0,0,0,5
JRB,Bennett,2008-09-15,259,7,0,0,0,5.1
JRB,Bennett,2008-09-15,259,8,1,0,0,10.7
JRB,Bennett,2008-09-15,259,9,0,0,0,7.5
JRB,Bennett,2008-09-15,259,10,1,0,0,7.3
JRB,Bennett,2009-06-01,152,1,1,0,0,NA
JRB,Bennett,2009-06-01,152,2,0,0,0,NA
JRB,Bennett,2009-06-01,152,3,0,0,0,NA
JRB,Bennett,2009-06-01,152,4,1,0,0,NA
JRB,Bennett,2009-06-01,152,5,1,0,0,NA
JRB,Bennett,2009-06-01,152,6,0,0,0,NA
JRB,Bennett,2009-06-01,152,7,1,0,0,NA
JRB,Bennett,2009-06-01,152,8,1,0,0,NA
JRB,Bennett,2009-06-01,152,9,1,0,0,NA
JRB,Bennett,2009-06-01,152,10,1,0,0,NA
JRB,Bennett,2009-10-22,295,1,0,NA,NA,5.1
JRB,Bennett,2009-10-22,295,2,0,NA,NA,6.8
JRB,Bennett,2009-10-22,295,3,0,NA,NA,9.5
JRB,Bennett,2009-10-22,295,4,0,NA,NA,6.9
JRB,Bennett,2009-10-22,295,5,1,NA,NA,6.7
JRB,Bennett,2009-10-22,295,6,0,NA,NA,5.6
JRB,Bennett,2009-10-22,295,7,0,NA,NA,5.1
JRB,Bennett,2009-10-22,295,8,1,NA,NA,10.7
JRB,Bennett,2009-10-22,295,9,0,NA,NA,7.5
JRB,Bennett,2009-10-22,295,10,1,NA,NA,7.3
JRB,Bennett,2010-04-12,102,1,0,0,0,NA
JRB,Bennett,2010-04-12,102,2,0,0,0,NA
JRB,Bennett,2010-04-12,102,3,0,0,0,NA
JRB,Bennett,2010-04-12,102,4,0,0,0,NA
JRB,Bennett,2010-04-12,102,5,1,0,0,NA
JRB,Bennett,2010-04-12,102,6,1,0,0,NA
JRB,Bennett,2010-04-12,102,7,0,0,0,NA
JRB,Bennett,2010-04-12,102,8,1,0,0,NA
JRB,Bennett,2010-04-12,102,9,0,0,0,NA
JRB,Bennett,2010-04-12,102,10,1,0,0,NA
JRB,Bennett,2010-10-15,288,1,0,0,0,5.3
JRB,Bennett,2010-10-15,288,2,0,0,0,5.9
JRB,Bennett,2010-10-15,288,3,0,0,0,5.5
JRB,Bennett,2010-10-15,288,4,1,0,0,7.7
JRB,Bennett,2010-10-15,288,5,0,0,0,7.4
JRB,Bennett,2010-10-15,288,6,0,0,0,7.7
JRB,Bennett,2010-10-15,288,7,0,0,0,9
JRB,Bennett,2010-10-15,288,8,0,0,0,6.2
JRB,Bennett,2010-10-15,288,9,0,0,0,5.4
JRB,Bennett,2010-10-15,288,10,1,0,0,5.5
JRB,Bennett,2011-04-05,95,1,0,0,0,NA
JRB,Bennett,2011-04-05,95,2,0,0,0,NA
JRB,Bennett,2011-04-05,95,3,0,0,0,NA
JRB,Bennett,2011-04-05,95,4,0,0,0,NA
JRB,Bennett,2011-04-05,95,5,1,0,0,NA
JRB,Bennett,2011-04-05,95,6,1,0,0,NA
JRB,Bennett,2011-04-05,95,7,0,0,0,NA
JRB,Bennett,2011-04-05,95,8,1,0,0,NA
JRB,Bennett,2011-04-05,95,9,0,0,0,NA
JRB,Bennett,2011-04-05,95,10,1,0,0,NA
JRB,Bennett,2011-10-18,291,1,0,0,NA,11
JRB,Bennett,2011-10-18,291,2,0,0,NA,6.5
JRB,Bennett,2011-10-18,291,3,0,0,NA,18
JRB,Bennett,2011-10-18,291,4,0,0,NA,10
JRB,Bennett,2011-10-18,291,5,1,0,NA,10.4
JRB,Bennett,2011-10-18,291,6,1,0,NA,14
JRB,Bennett,2012-06-11,163,1,0,0,0,NA
JRB,Bennett,2012-06-11,163,2,0,0,0,NA
JRB,Bennett,2012-06-11,163,3,0,0,0,NA
JRB,Bennett,2012-06-11,163,4,1,0,0,NA
JRB,Bennett,2012-06-11,163,5,1,0,0,NA
JRB,Bennett,2012-06-11,163,6,0,0,0,NA
JRB,Bennett,2012-06-11,163,7,0,0,0,NA
JRB,Bennett,2012-06-11,163,8,1,0,0,NA
JRB,Bennett,2012-06-11,163,9,0,0,0,NA
JRB,Bennett,2012-06-11,163,10,1,0,0,NA
JRB,Bennett,2012-10-23,297,1,0,0,0,6.9
JRB,Bennett,2012-10-23,297,2,0,0,0,8.2
JRB,Bennett,2012-10-23,297,3,0,0,0,8.5
JRB,Bennett,2012-10-23,297,4,0,0,0,7.6
JRB,Bennett,2012-10-23,297,5,0,0,0,7
JRB,Bennett,2013-05-15,135,1,0,0,NA,NA
JRB,Bennett,2013-05-15,135,2,0,0,NA,NA
JRB,Bennett,2013-05-15,135,3,0,0,NA,NA
JRB,Bennett,2013-05-15,135,4,1,0,NA,NA
JRB,Bennett,2013-05-15,135,5,0,0,NA,NA
JRB,Bennett,2013-05-15,135,6,0,0,NA,NA
JRB,Bennett,2013-05-15,135,7,0,0,NA,NA
JRB,Bennett,2013-05-15,135,8,0,0,NA,NA
JRB,Bennett,2013-05-15,135,9,0,0,NA,NA
JRB,Bennett,2013-05-15,135,10,0,0,NA,NA
JRB,Bennett,2013-09-25,268,1,0,0,NA,8
JRB,Bennett,2013-09-25,268,2,0,0,NA,6
JRB,Bennett,2013-09-25,268,3,1,0,NA,4
JRB,Bennett,2013-09-25,268,4,0,0,NA,7
JRB,Bennett,2013-09-25,268,5,1,0,NA,6
JRB,Bennett,2013-09-25,268,6,0,0,NA,9.7
JRB,Bennett,2014-06-02,153,1,0,0,NA,NA
JRB,Bennett,2014-06-03,154,2,0,0,NA,NA
JRB,Bennett,2014-06-03,154,3,0,0,NA,NA
JRB,Bennett,2014-06-03,154,4,0,0,NA,NA
JRB,Bennett,2014-06-03,154,5,0,1,6,NA
JRB,Bennett,2014-06-03,154,6,0,0,NA,NA
JRB,Bennett,2014-09-25,268,1,0,0,0,9.7
JRB,Bennett,2014-09-25,268,2,0,0,0,9.3
JRB,Bennett,2014-09-25,268,3,0,0,0,5.9
JRB,Bennett,2014-09-25,268,4,0,0,0,5.7
JRB,Bennett,2014-09-25,268,5,0,0,0,5.4
JRB,Bennett,2015-06-12,163,1,0,1,1,NA
JRB,Bennett,2015-06-12,163,2,0,0,0,NA
JRB,Bennett,2015-06-12,163,3,0,0,0,NA
JRB,Bennett,2015-06-12,163,4,0,0,0,NA
JRB,Bennett,2015-06-12,163,5,0,1,1,NA
MCH,Anderson,2012-10-27,301,1,0,0,NA,1.5
MCH,Anderson,2012-10-27,301,2,0,0,NA,1
MCH,Anderson,2012-10-27,301,3,0,0,NA,1.5
MCH,Anderson,2012-10-27,301,5,0,0,NA,1
MCH,Anderson,2012-10-27,301,6,0,0,NA,1
MCH,Anderson,2012-10-27,301,7,0,0,NA,2.75
MCH,Anderson,2012-10-27,301,8,0,0,NA,1
MCH,Anderson,2013-05-06,126,1,0,0,0,NA
MCH,Anderson,2013-05-06,126,2,0,0,0,NA
MCH,Anderson,2013-05-06,126,3,0,0,0,NA
MCH,Anderson,2013-05-06,126,4,0,0,0,NA
MCH,Anderson,2013-05-06,126,5,0,0,0,NA
MCH,Anderson,2013-05-06,126,6,0,0,0,NA
MCH,Anderson,2013-05-06,126,7,0,0,0,NA
MCH,Anderson,2013-05-06,126,8,0,0,0,NA
MCH,Anderson,2013-09-19,262,1,0,0,0,3
MCH,Anderson,2013-09-19,262,2,1,0,0,0
MCH,Anderson,2013-09-19,262,3,1,0,0,6
MCH,Anderson,2013-09-19,262,4,1,0,0,0
MCH,Anderson,2013-09-19,262,5,1,0,0,0
MCH,Anderson,2013-09-19,262,6,0,0,0,0
MCH,Anderson,2013-09-19,262,7,1,0,0,0
MCH,Anderson,2013-09-19,262,8,1,0,0,0
MCH,Anderson,2013-09-19,262,9,1,0,0,0.5
MCH,Anderson,2014-05-06,126,1,1,0,0,NA
MCH,Anderson,2014-05-06,126,2,0,0,0,NA
MCH,Anderson,2014-05-06,126,3,1,0,0,NA
MCH,Anderson,2014-05-06,126,4,0,0,0,NA
MCH,Anderson,2014-05-06,126,5,0,0,0,NA
MCH,Anderson,2014-05-06,126,6,1,0,0,NA
MCH,Anderson,2014-05-06,126,7,0,0,0,NA
MCH,Anderson,2014-05-06,126,8,0,0,0,NA
MCH,Anderson,2014-05-06,126,9,0,0,0,NA
MCH,Anderson,2014-09-12,255,1,0,0,0,5
MCH,Anderson,2014-09-12,255,2,0,0,0,0
MCH,Anderson,2014-09-12,255,3,1,0,0,3
MCH,Anderson,2014-09-12,255,4,1,0,0,1
MCH,Anderson,2014-09-12,255,5,2,0,0,0
MCH,Anderson,2014-09-12,255,6,1,0,0,12
MCH,Anderson,2014-09-12,255,7,1,0,0,0
MCH,Anderson,2014-09-12,255,8,1,0,0,1
MCH,Anderson,2014-09-12,255,9,0,0,0,6
MCH,Anderson,2015-05-01,121,1,0,0,0,NA
MCH,Anderson,2015-05-01,121,2,0,0,0,NA
MCH,Anderson,2015-05-01,121,3,1,0,0,NA
MCH,Anderson,2015-05-01,121,4,1,0,0,NA
MCH,Anderson,2015-05-01,121,5,2,0,0,NA
MCH,Anderson,2015-05-01,121,6,1,0,0,NA
MCH,Anderson,2015-05-01,121,7,1,0,0,NA
MCH,Anderson,2015-05-01,121,8,1,0,0,NA
MCH,Anderson,2015-05-01,121,9,0,0,0,NA
MDH,Anderson,2008-10-20,294,1,1,1,NA,12
MDH,Anderson,2008-10-20,294,2,3,1,NA,2.5
MDH,Anderson,2008-10-20,294,3,2,1,NA,0
MDH,Anderson,2008-10-20,294,4,3,1,NA,0
MDH,Anderson,2008-10-20,294,5,3,NA,NA,NA
MDH,Anderson,2008-10-20,294,6,3,NA,NA,NA
MDH,Anderson,2008-10-20,294,7,1,0,NA,55
MDH,Anderson,2009-04-17,107,1,2,1,23,0
MDH,Anderson,2009-04-17,107,2,1,1,23,3.5
MDH,Anderson,2009-04-17,107,3,2,0,0,0
MDH,Anderson,2009-04-17,107,4,3,1,4,0
MDH,Anderson,2009-04-17,107,5,3,NA,NA,0
MDH,Anderson,2009-04-17,107,6,3,NA,NA,0
MDH,Anderson,2009-04-17,107,7,1,1,86,2
MDH,Anderson,2009-11-16,320,1,2,NA,NA,4
MDH,Anderson,2009-11-16,320,2,1,NA,NA,2
MDH,Anderson,2009-11-16,320,3,2,NA,NA,2
MDH,Anderson,2009-11-16,320,4,3,NA,NA,0
MDH,Anderson,2009-11-16,320,5,1,NA,NA,2.3
MDH,Anderson,2009-11-16,320,6,1,NA,NA,6.3
MDH,Anderson,2009-11-16,320,8,2,NA,NA,0.8
MDH,Anderson,2010-03-26,85,1,2,0,0,4
MDH,Anderson,2010-03-26,85,2,1,1,20,1
MDH,Anderson,2010-03-26,85,3,2,1,5,1
MDH,Anderson,2010-03-26,85,4,3,NA,NA,NA
MDH,Anderson,2010-03-26,85,5,1,1,4,2.3
MDH,Anderson,2010-03-26,85,6,1,1,3,6.3
MDH,Anderson,2010-03-26,85,7,3,NA,NA,NA
MDH,Anderson,2010-03-26,85,8,2,1,9,1
MDH,Anderson,2010-10-12,285,1,3,NA,NA,0
MDH,Anderson,2010-10-12,285,2,1,NA,NA,1.2
MDH,Anderson,2010-10-12,285,3,2,NA,NA,0.9
MDH,Anderson,2010-10-12,285,4,2,NA,NA,2
MDH,Anderson,2010-10-12,285,5,2,NA,NA,1.5
MDH,Anderson,2010-10-12,285,6,2,NA,NA,1.8
MDH,Anderson,2010-10-12,285,7,2,NA,NA,0.4
MDH,Anderson,2010-10-12,285,8,2,NA,NA,NA
MDH,Anderson,2011-04-11,101,1,NA,NA,NA,NA
MDH,Anderson,2011-04-11,101,2,1,1,17,1.2
MDH,Anderson,2011-04-11,101,3,2,0,0,0
MDH,Anderson,2011-04-11,101,4,2,1,2,2
MDH,Anderson,2011-04-11,101,5,2,1,8,1.5
MDH,Anderson,2011-04-11,101,6,2,0,0,1.8
MDH,Anderson,2011-04-11,101,7,3,NA,NA,NA
MDH,Anderson,2011-04-11,101,8,2,1,1,0.4
MDH,Anderson,2011-04-11,101,9,2,1,1,1.5
MDH,Anderson,2011-06-01,152,1,3,NA,NA,NA
MDH,Anderson,2011-06-01,152,2,3,NA,NA,NA
MDH,Anderson,2011-06-01,152,3,3,NA,NA,NA
MDH,Anderson,2011-06-01,152,4,3,NA,NA,NA
MDH,Anderson,2011-06-01,152,5,3,NA,NA,NA
MDH,Anderson,2011-06-01,152,6,3,NA,NA,NA
MDH,Anderson,2011-06-01,152,7,3,NA,NA,NA
MDH,Anderson,2011-06-01,152,8,3,NA,NA,NA
MDH,Anderson,2011-06-01,152,9,3,NA,NA,NA
OMH,Archangelo,2011-09-23,266,16,0,NA,NA,7.3
OMH,Archangelo,2011-09-23,266,22,0,NA,NA,11
OMH,Archangelo,2011-09-26,269,12,1,NA,NA,7.4
OMH,Archangelo,2011-09-26,269,21,1,NA,NA,6.1
OMH,Archangelo,2011-09-27,270,8,0,NA,NA,26.3
OMH,Archangelo,2011-09-27,270,9,1,NA,NA,2.5
OMH,Archangelo,2011-09-27,270,10,0,NA,NA,2.5
OMH,Archangelo,2011-09-27,270,11,0,NA,NA,0.4
OMH,Archangelo,2011-09-27,270,13,0,NA,NA,8.4
OMH,Archangelo,2011-09-27,270,14,0,NA,NA,12.8
OMH,Archangelo,2011-09-27,270,17,0,NA,NA,5
OMH,Archangelo,2011-09-27,270,19,1,NA,NA,6.9
OMH,Archangelo,2011-09-27,270,20,1,NA,NA,3.2
OMH,Archangelo,2011-09-27,270,25,0,NA,NA,7.6
OMH,Archangelo,2011-09-27,270,26,1,NA,NA,9.4
OMH,Archangelo,2011-09-27,270,27,0,NA,NA,11
OMH,Archangelo,2011-09-27,270,35,1,NA,NA,3.3
OMH,Archangelo,2011-09-27,270,36,1,NA,NA,4.7
OMH,Archangelo,2012-05-11,132,8,0,0,0,NA
OMH,Archangelo,2012-05-11,132,9,2,0,0,NA
OMH,Archangelo,2012-05-11,132,10,0,0,0,NA
OMH,Archangelo,2012-05-11,132,11,0,0,0,NA
OMH,Archangelo,2012-05-11,132,12,0,0,0,NA
OMH,Archangelo,2012-05-11,132,13,0,0,0,NA
OMH,Archangelo,2012-05-11,132,14,0,0,0,NA
OMH,Archangelo,2012-05-11,132,15,0,0,0,NA
OMH,Archangelo,2012-05-11,132,16,0,0,0,NA
OMH,Archangelo,2012-05-11,132,17,0,0,0,NA
OMH,Archangelo,2012-05-11,132,22,0,0,0,NA
OMH,Archangelo,2012-05-11,132,24,0,0,0,NA
OMH,Archangelo,2012-05-11,132,26,0,0,0,NA
OMH,Archangelo,2012-05-11,132,35,0,0,0,NA
OMH,Archangelo,2012-05-11,132,36,1,0,0,NA
OMH,Griffin,2010-11-30,334,1,1,NA,NA,4.5
OMH,Griffin,2010-11-30,334,2,0,NA,NA,13
OMH,Griffin,2010-11-30,334,3,1,NA,NA,9
OMH,Griffin,2010-11-30,334,4,1,NA,NA,10.5
OMH,Griffin,2010-11-30,334,5,1,NA,NA,11
OMH,Griffin,2010-11-30,334,6,1,NA,NA,4
OMH,Griffin,2010-11-30,334,7,1,NA,NA,10.1
OMH,Griffin,2010-11-30,334,8,0,NA,NA,18
OMH,Griffin,2010-11-30,334,9,1,NA,NA,9.5
OMH,Griffin,2010-11-30,334,10,0,NA,NA,12.5
OMH,Griffin,2010-11-30,334,11,1,NA,NA,13
OMH,Griffin,2010-11-30,334,12,1,NA,NA,12
OMH,Griffin,2010-11-30,334,13,0,NA,NA,9.3
OMH,Griffin,2010-11-30,334,14,0,NA,NA,11.3
OMH,Griffin,2010-11-30,334,15,0,NA,NA,6.4
OMH,Griffin,2010-11-30,334,16,0,NA,NA,12
OMH,Griffin,2010-11-30,334,17,0,NA,NA,6.8
OMH,Griffin,2010-11-30,334,18,0,NA,NA,5.5
OMH,Griffin,2010-11-30,334,19,0,NA,NA,5.1
OMH,Griffin,2010-11-30,334,20,0,NA,NA,4.5
OMH,Griffin,2010-11-30,334,21,0,NA,NA,5.3
OMH,Griffin,2010-11-30,334,22,0,NA,NA,7.9
OMH,Griffin,2010-11-30,334,23,0,NA,NA,6
OMH,Griffin,2010-11-30,334,24,0,NA,NA,4
OMH,Griffin,2010-11-30,334,25,1,NA,NA,12.9
OMH,Griffin,2010-11-30,334,26,2,NA,NA,11.8
OMH,Griffin,2010-11-30,334,27,1,NA,NA,23.8
OMH,Griffin,2010-11-30,334,28,1,NA,NA,10
OMH,Griffin,2010-11-30,334,29,1,NA,NA,14.3
OMH,Griffin,2010-11-30,334,30,2,NA,NA,9
OMH,Griffin,2010-11-30,334,31,1,NA,NA,11.8
OMH,Griffin,2010-11-30,334,32,2,NA,NA,9
OMH,Griffin,2010-11-30,334,33,1,NA,NA,12.8
OMH,Griffin,2010-11-30,334,34,1,NA,NA,14
OMH,Griffin,2010-11-30,334,35,2,NA,NA,14
OMH,Griffin,2010-11-30,334,36,1,NA,NA,11.5
OMH,Griffin,2010-11-30,334,37,1,NA,NA,16.5
OMH,Griffin,2010-11-30,334,38,1,NA,NA,14.5
OMH,Griffin,2010-11-30,334,39,0,NA,NA,18.5
OMH,Griffin,2010-11-30,334,40,0,NA,NA,15.5
OMH,Griffin,2010-11-30,334,41,1,NA,NA,16
OMH,Griffin,2010-11-30,334,42,1,NA,NA,18
OMH,Griffin,2010-11-30,334,43,0,NA,NA,21
OMH,Griffin,2010-11-30,334,44,0,NA,NA,18.5
OMH,Griffin,2010-11-30,334,45,0,NA,NA,17.5
OMH,Griffin,2010-11-30,334,46,0,NA,NA,19
OMH,Griffin,2010-11-30,334,47,0,NA,NA,15.5
OMH,Griffin,2010-11-30,334,48,0,NA,NA,20
OMH,Griffin,2010-11-30,334,49,1,NA,NA,5.5
OMH,Griffin,2010-11-30,334,50,1,NA,NA,8
OMH,Griffin,2010-11-30,334,51,0,NA,NA,9.3
OMH,Griffin,2010-11-30,334,52,0,NA,NA,7.5
OMH,Griffin,2010-11-30,334,53,1,NA,NA,8
OMH,Griffin,2010-11-30,334,54,0,NA,NA,6.5
OMH,Griffin,2010-11-30,334,55,0,NA,NA,7.5
OMH,Griffin,2010-11-30,334,56,0,NA,NA,6
OMH,Griffin,2010-11-30,334,57,0,NA,NA,9
OMH,Griffin,2010-11-30,334,58,0,NA,NA,8.5
OMH,Griffin,2010-11-30,334,59,0,NA,NA,8.5
OMH,Griffin,2010-11-30,334,60,0,NA,NA,8.3
OMH,Griffin,2011-05-05,125,1,NA,NA,NA,NA
OMH,Griffin,2011-05-05,125,2,NA,NA,NA,NA
OMH,Griffin,2011-05-05,125,3,NA,NA,NA,NA
OMH,Griffin,2011-05-05,125,4,NA,NA,NA,NA
OMH,Griffin,2011-05-05,125,5,1,0,0,11
OMH,Griffin,2011-05-05,125,6,1,0,0,4
OMH,Griffin,2011-05-05,125,7,1,0,0,10.1
OMH,Griffin,2011-05-05,125,8,0,0,0,18
OMH,Griffin,2011-05-05,125,9,1,0,0,9.5
OMH,Griffin,2011-05-05,125,10,0,0,0,12.5
OMH,Griffin,2011-05-05,125,11,1,0,0,13
OMH,Griffin,2011-05-05,125,12,1,0,0,12
OMH,Griffin,2011-05-05,125,13,0,0,0,9.3
OMH,Griffin,2011-05-05,125,14,0,0,0,11.3
OMH,Griffin,2011-05-05,125,15,0,0,0,6.4
OMH,Griffin,2011-05-05,125,16,0,0,0,12
OMH,Griffin,2011-05-05,125,17,0,0,0,6.8
OMH,Griffin,2011-05-05,125,18,0,0,0,5.5
OMH,Griffin,2011-05-05,125,19,0,0,0,5.1
OMH,Griffin,2011-05-05,125,20,0,0,0,4.5
OMH,Griffin,2011-05-05,125,21,0,0,0,5.3
OMH,Griffin,2011-05-05,125,22,0,0,0,7.9
OMH,Griffin,2011-05-05,125,23,0,0,0,6
OMH,Griffin,2011-05-05,125,24,0,0,0,4
OMH,Griffin,2011-05-05,125,25,1,0,0,12.9
OMH,Griffin,2011-05-05,125,26,2,0,0,11.8
OMH,Griffin,2011-05-05,125,27,1,0,0,23.8
OMH,Griffin,2011-05-05,125,28,1,0,0,10
OMH,Griffin,2011-05-05,125,29,1,0,0,14.3
OMH,Griffin,2011-05-05,125,30,2,0,0,9
OMH,Griffin,2011-05-05,125,31,1,0,0,11.8
OMH,Griffin,2011-05-05,125,32,2,0,0,9
OMH,Griffin,2011-05-05,125,33,1,0,0,12.8
OMH,Griffin,2011-05-05,125,34,1,0,0,14
OMH,Griffin,2011-05-05,125,35,2,0,0,14
OMH,Griffin,2011-05-05,125,36,1,0,0,11.5
OMH,Griffin,2011-05-05,125,37,1,0,0,16.5
OMH,Griffin,2011-05-05,125,38,1,0,0,14.5
OMH,Griffin,2011-05-05,125,39,0,0,0,18.5
OMH,Griffin,2011-05-05,125,40,0,0,0,15.5
OMH,Griffin,2011-05-05,125,41,1,0,0,16
OMH,Griffin,2011-05-05,125,42,1,0,0,18
OMH,Griffin,2011-05-05,125,43,0,0,0,21
OMH,Griffin,2011-05-05,125,44,0,0,0,18.5
OMH,Griffin,2011-05-05,125,45,0,0,0,17.5
OMH,Griffin,2011-05-05,125,46,0,0,0,19
OMH,Griffin,2011-05-05,125,47,0,0,0,15.5
OMH,Griffin,2011-05-05,125,48,0,0,0,20
OMH,Griffin,2011-05-05,125,49,1,0,0,5.5
OMH,Griffin,2011-05-05,125,50,1,0,0,8
OMH,Griffin,2011-05-05,125,51,0,0,0,9.3
OMH,Griffin,2011-05-05,125,52,0,0,0,7.5
OMH,Griffin,2011-05-05,125,53,1,0,0,8
OMH,Griffin,2011-05-05,125,54,0,0,0,6.5
OMH,Griffin,2011-05-05,125,55,0,0,0,7.5
OMH,Griffin,2011-05-05,125,56,0,0,0,6
OMH,Griffin,2011-05-05,125,57,0,0,0,9
OMH,Griffin,2011-05-05,125,58,0,0,0,8.5
OMH,Griffin,2011-05-05,125,59,0,0,0,8.5
OMH,Griffin,2011-05-05,125,60,0,0,0,8.3
QRH,Barker-Berlo,2013-10-04,277,1,1,NA,NA,0
QRH,Barker-Berlo,2013-10-04,277,2,1,NA,NA,0
QRH,Barker-Berlo,2013-10-04,277,3,1,NA,NA,1.3
QRH,Barker-Berlo,2013-10-04,277,4,1,NA,NA,0
QRH,Barker-Berlo,2013-10-04,277,5,2,NA,NA,1.05
QRH,Barker-Berlo,2013-10-04,277,6,1,NA,NA,0
QRH,Barker-Berlo,2014-05-29,149,1,0,1,1,NA
QRH,Barker-Berlo,2014-05-29,149,1,1,1,4,NA
QRH,Barker-Berlo,2014-05-29,149,2,2,1,6,NA
QRH,Barker-Berlo,2014-05-29,149,2,1,1,1,NA
QRH,Barker-Berlo,2014-05-29,149,3,1,1,2,NA
QRH,Barker-Berlo,2014-05-29,149,3,2,1,6,NA
QRH,Barker-Berlo,2014-05-29,149,4,1,1,1,NA
QRH,Barker-Berlo,2014-05-29,149,4,1,1,11,NA
QRH,Barker-Berlo,2014-05-29,149,5,2,0,0,NA
QRH,Barker-Berlo,2014-05-29,149,5,1,1,3,NA
QRH,Barker-Berlo,2014-05-29,149,6,2,1,29,NA
QRH,Barker-Berlo,2014-05-29,149,6,1,1,1,NA
RMM,Guertin,2011-09-26,269,1,0,NA,NA,14
RMM,Guertin,2011-09-26,269,2,0,NA,NA,21.6
RMM,Guertin,2011-09-26,269,3,0,NA,NA,14.3
RMM,Guertin,2011-09-26,269,4,0,NA,NA,12
RMM,Guertin,2011-09-26,269,5,0,NA,NA,18.8
RMM,Guertin,2011-09-26,269,6,0,NA,NA,16.5
RMM,Guertin,2011-09-26,269,7,0,NA,NA,23
RMM,Guertin,2011-09-26,269,8,0,NA,NA,11
RMM,Guertin,2011-09-26,269,9,0,NA,NA,9.1
RMM,Guertin,2011-09-26,269,10,0,NA,NA,13
RMM,Guertin,2012-04-13,104,1,0,0,0,NA
RMM,Guertin,2012-04-13,104,2,0,0,0,NA
RMM,Guertin,2012-04-13,104,3,0,0,0,NA
RMM,Guertin,2012-04-13,104,4,0,0,0,NA
RMM,Guertin,2012-04-13,104,5,0,0,0,NA
RMM,Guertin,2012-04-13,104,6,0,0,0,NA
RMM,Guertin,2012-04-13,104,7,0,0,0,NA
RMM,Guertin,2012-04-13,104,8,0,0,0,NA
RMM,Guertin,2012-04-13,104,9,0,0,0,NA
RMM,Guertin,2012-04-13,104,10,0,0,0,NA
RMM,Willis,2007-10-24,297,1,0,0,0,3.5
RMM,Willis,2007-10-24,297,2,0,0,0,6
RMM,Willis,2007-10-24,297,3,0,0,0,9.5
RMM,Willis,2007-10-24,297,4,0,0,0,5.5
RMM,Willis,2007-10-24,297,5,0,0,0,10.5
RMM,Willis,2007-10-24,297,6,0,0,0,13
RMM,Willis,2007-10-24,297,7,0,0,0,7
RMM,Willis,2007-10-24,297,8,0,0,0,16
RMM,Willis,2007-10-24,297,9,0,0,0,14
RMM,Willis,2007-10-24,297,10,0,0,0,9
RMM,Willis,2008-05-05,126,1,0,0,0,4.5
RMM,Willis,2008-05-05,126,2,0,0,0,7.5
RMM,Willis,2008-05-05,126,3,0,0,0,8.8
RMM,Willis,2008-05-05,126,4,0,0,0,6
RMM,Willis,2008-05-05,126,5,0,0,0,16
RMM,Willis,2008-05-05,126,6,0,0,0,13.5
RMM,Willis,2008-05-05,126,7,0,0,0,25
RMM,Willis,2008-05-05,126,8,0,0,0,17.5
RMM,Willis,2008-05-05,126,9,0,0,0,15.5
RMM,Willis,2008-05-05,126,10,0,0,0,11.3
RMM,Willis,2008-10-24,298,1,0,0,0,13.5
RMM,Willis,2008-10-24,298,2,0,0,0,29
RMM,Willis,2008-10-24,298,3,0,0,0,11.6
RMM,Willis,2008-10-24,298,4,0,0,0,37
RMM,Willis,2008-10-24,298,5,0,0,0,13
RMM,Willis,2008-10-24,298,6,0,0,0,26
RMM,Willis,2008-10-24,298,7,0,0,0,16.5
RMM,Willis,2008-10-24,298,8,0,0,0,19
RMM,Willis,2008-10-24,298,9,0,0,0,18
RMM,Willis,2008-10-24,298,10,0,0,0,11.5
RMM,Willis,2009-04-29,119,1,0,0,0,5
RMM,Willis,2009-04-29,119,2,0,0,0,6
RMM,Willis,2009-04-29,119,3,0,0,0,3
RMM,Willis,2009-04-29,119,4,0,0,0,5
RMM,Willis,2009-04-29,119,5,0,0,0,9
RMM,Willis,2009-04-29,119,6,0,0,0,7
RMM,Willis,2009-04-29,119,7,0,0,0,6
RMM,Willis,2009-04-29,119,8,0,0,0,8
RMM,Willis,2009-04-29,119,9,0,0,0,1
RMM,Willis,2009-04-29,119,10,0,0,0,5
SBS,Lena,2015-09-23,266,1,2,NA,NA,5.1
SBS,Lena,2015-09-23,266,2,0,NA,NA,5.13
SBS,Lena,2015-09-23,266,3,0,NA,NA,3.7
SBS,Lena,2015-09-23,266,4,1,NA,NA,4.5
SBS,Lena,2015-09-23,266,5,0,NA,NA,6.15
TTE,McDonald,2009-09-25,268,1,0,NA,NA,12.6
TTE,McDonald,2009-09-25,268,2,1,NA,NA,15.2
TTE,McDonald,2009-09-25,268,3,1,NA,NA,14.4
TTE,McDonald,2009-09-25,268,4,0,NA,NA,14.9
TTE,McDonald,2009-09-25,268,5,0,NA,NA,16.6
TTE,McDonald,2009-09-25,268,6,1,NA,NA,14.1
TTE,McDonald,2009-09-25,268,7,NA,NA,NA,NA
TTE,McDonald,2010-06-01,152,1,NA,0,0,NA
TTE,McDonald,2010-06-01,152,2,NA,0,0,NA
TTE,McDonald,2010-06-01,152,3,NA,0,0,NA
TTE,McDonald,2010-06-01,152,4,NA,0,0,NA
TTE,McDonald,2010-06-01,152,5,NA,0,0,NA
TTE,McDonald,2010-06-01,152,6,NA,0,0,NA
TTE,McDonald,2010-09-29,272,1,0,NA,NA,10.8
TTE,McDonald,2010-09-29,272,2,1,NA,NA,8
TTE,McDonald,2010-09-29,272,5,1,NA,NA,18.2
TTE,McDonald,2010-09-30,273,4,3,NA,NA,0
TTE,McDonald,2010-09-30,273,7,NA,NA,NA,NA
TTE,McDonald,2010-10-13,286,3,0,NA,NA,10.8
TTE,McDonald,2010-10-28,301,6,0,NA,NA,14.3
TTE,McDonald,2011-06-01,152,1,0,0,0,NA
TTE,McDonald,2011-06-01,152,2,1,0,0,NA
TTE,McDonald,2011-06-01,152,3,0,0,0,NA
TTE,McDonald,2011-06-01,152,4,3,0,0,NA
TTE,McDonald,2011-06-01,152,5,1,0,0,NA
TTE,McDonald,2011-06-01,152,6,0,0,0,NA
TTE,McDonald,2011-10-26,299,1,0,NA,NA,11
TTE,McDonald,2011-10-26,299,2,1,NA,NA,6.2
TTE,McDonald,2011-10-26,299,3,1,NA,NA,14.4
TTE,McDonald,2011-10-26,299,4,3,NA,NA,0
TTE,McDonald,2011-10-26,299,5,1,NA,NA,14.7
TTE,McDonald,2011-10-26,299,6,1,NA,NA,13
TTE,McDonald,2012-06-14,166,1,0,0,0,NA
TTE,McDonald,2012-06-14,166,2,1,0,0,NA
TTE,McDonald,2012-06-14,166,3,1,0,0,NA
TTE,McDonald,2012-06-14,166,4,3,0,0,NA
TTE,McDonald,2012-06-14,166,5,1,0,0,NA
TTE,McDonald,2012-06-14,166,6,1,0,0,NA
TTE,McDonald,2012-12-17,352,1,0,NA,NA,8.23
TTE,McDonald,2012-12-17,352,2,1,NA,NA,8.27
TTE,McDonald,2012-12-17,352,3,1,NA,NA,13.7
TTE,McDonald,2012-12-17,352,4,3,NA,NA,NA
TTE,McDonald,2012-12-17,352,6,1,NA,NA,14.8
TTE,McDonald,2013-06-28,179,1,NA,0,NA,NA
TTE,McDonald,2013-06-28,179,2,NA,0,NA,NA
TTE,McDonald,2013-06-28,179,3,NA,0,NA,NA
TTE,McDonald,2013-06-28,179,5,NA,0,NA,NA
TTE,McDonald,2013-06-28,179,6,NA,0,NA,NA
TTE,McDonald,2013-10-27,300,1,0,NA,NA,15
TTE,McDonald,2013-10-27,300,2,1,NA,NA,14.6
TTE,McDonald,2013-10-27,300,3,1,NA,NA,10.4
TTE,McDonald,2013-10-27,300,5,1,NA,NA,16.3
TTE,McDonald,2013-10-27,300,6,1,NA,NA,7.6
TTE,McDonald,2013-12-17,351,5,1,NA,NA,14.7
TTE,McDonald,2014-07-01,182,1,NA,0,0,NA
TTE,McDonald,2014-07-01,182,2,NA,0,0,NA
TTE,McDonald,2014-07-01,182,3,NA,0,0,NA
TTE,McDonald,2014-07-01,182,5,NA,0,0,NA
TTE,McDonald,2014-07-01,182,6,NA,0,0,NA
TTE,McDonald,2014-09-18,261,6,1,NA,NA,11.3
TTE,McDonald,2014-09-25,268,1,0,NA,NA,13.8
TTE,McDonald,2014-09-25,268,5,1,NA,NA,11.9
TTE,McDonald,2015-01-14,14,2,1,NA,NA,10.6
TTE,McDonald,2015-01-14,14,3,1,NA,NA,11.8
TTE,McDonald,2015-06-19,170,1,0,0,0,NA
TTE,McDonald,2015-06-19,170,2,1,0,0,NA
TTE,McDonald,2015-06-19,170,3,1,0,0,NA
TTE,McDonald,2015-06-19,170,5,1,0,0,NA
TTE,McDonald,2015-06-19,170,6,1,0,0,NA
UPH,Dwyer,2009-10-22,295,1,1,0,NA,10.3
UPH,Dwyer,2009-10-22,295,2,1,0,NA,17.3
UPH,Dwyer,2009-10-22,295,3,1,1,2,9
UPH,Dwyer,2009-10-22,295,4,1,0,NA,6.8
UPH,Dwyer,2009-10-22,295,5,1,1,NA,12.2
UPH,Dwyer,2009-10-22,295,6,1,0,NA,5
UPH,Dwyer,2009-10-22,295,7,2,0,NA,11
UPH,Dwyer,2009-10-22,295,8,1,0,NA,6.1
UPH,Dwyer,2009-10-22,295,9,2,0,NA,8.7
UPH,Dwyer,2009-10-22,295,10,1,0,NA,6.6
UPH,Dwyer,2009-10-22,295,11,1,0,NA,1.8
UPH,Dwyer,2010-06-03,154,1,0,0,0,NA
UPH,Dwyer,2010-06-03,154,2,1,1,3,NA
UPH,Dwyer,2010-06-03,154,3,0,0,0,NA
UPH,Dwyer,2010-06-03,154,4,1,1,30,NA
UPH,Dwyer,2010-06-03,154,5,0,1,9,NA
UPH,Dwyer,2010-06-03,154,6,1,1,20,NA
UPH,Dwyer,2010-06-03,154,7,0,1,35,NA
UPH,Dwyer,2010-06-03,154,8,0,1,49,NA
UPH,Dwyer,2010-06-03,154,9,0,1,10,NA
UPH,Dwyer,2010-06-03,154,10,1,1,8,NA
UPH,Dwyer,2010-06-03,154,11,2,1,24,NA
WCS,Burk,2004-09-27,271,1,1,0,0,NA
WCS,Burk,2004-09-27,271,2,1,0,0,NA
WCS,Burk,2004-09-27,271,5,1,0,0,NA
WCS,Burk,2004-09-27,271,6,1,0,0,NA
WCS,Burk,2004-09-27,271,7,1,0,0,NA
WCS,Burk,2004-10-25,299,1,1,0,0,NA
WCS,Burk,2004-10-25,299,2,1,0,0,NA
WCS,Burk,2004-10-25,299,5,1,0,0,NA
WCS,Burk,2004-10-25,299,6,1,0,0,NA
WCS,Burk,2004-10-25,299,7,1,0,0,NA
WCS,Burk,2004-11-01,306,1,1,0,0,NA
WCS,Burk,2004-11-01,306,2,1,0,0,NA
WCS,Burk,2004-11-01,306,5,1,0,0,NA
WCS,Burk,2004-11-01,306,6,1,0,0,NA
WCS,Burk,2004-11-01,306,7,1,0,0,NA
WCS,Burk,2004-11-15,320,1,1,0,0,NA
WCS,Burk,2004-11-15,320,2,1,0,0,NA
WCS,Burk,2004-11-15,320,5,1,0,0,NA
WCS,Burk,2004-11-15,320,6,1,0,0,NA
WCS,Burk,2004-11-15,320,7,1,0,0,NA
WCS,Burk,2004-11-22,327,1,1,0,0,NA
WCS,Burk,2004-11-22,327,2,1,0,0,NA
WCS,Burk,2004-11-22,327,5,1,0,0,NA
WCS,Burk,2004-11-22,327,6,1,0,0,NA
WCS,Burk,2004-11-22,327,7,1,0,0,NA
WCS,Burk,2004-12-06,341,1,1,0,0,NA
WCS,Burk,2004-12-06,341,2,1,0,0,NA
WCS,Burk,2004-12-06,341,5,1,0,0,NA
WCS,Burk,2004-12-06,341,6,1,0,0,NA
WCS,Burk,2004-12-06,341,7,1,0,0,NA
WCS,Burk,2005-06-06,157,1,0,0,0,1.6
WCS,Burk,2005-06-06,157,2,0,0,0,0.8
WCS,Burk,2005-06-06,157,5,0,0,0,1
WCS,Burk,2005-06-06,157,6,0,0,0,0.7
WCS,Burk,2005-06-06,157,7,0,0,0,0.7
WCS,Burk,2005-11-03,307,1,0,0,0,NA
WCS,Burk,2005-11-03,307,2,0,0,0,NA
WCS,Burk,2005-11-03,307,3,0,0,0,NA
WCS,Burk,2005-11-03,307,6,0,0,0,NA
WCS,Burk,2005-11-03,307,7,0,0,0,NA
WCS,Burk,2005-11-17,321,1,0,0,0,0
WCS,Burk,2005-11-17,321,2,0,0,0,0.3
WCS,Burk,2005-11-17,321,3,1,0,0,1
WCS,Burk,2005-11-17,321,6,0,0,0,0.7
WCS,Burk,2006-04-03,93,1,1,0,0,2
WCS,Burk,2006-04-03,93,2,0,0,0,0.2
WCS,Burk,2006-04-03,93,3,1,0,0,0.5
WCS,Burk,2006-04-03,93,6,0,0,0,0.5
WCS,Burk,2006-04-03,93,7,0,0,0,1
WCS,Burk,2006-06-06,157,1,1,0,0,2
WCS,Burk,2006-06-06,157,2,1,0,0,1
WCS,Burk,2006-06-06,157,3,1,0,0,1.5
WCS,Burk,2006-06-06,157,6,0,0,0,0.3
WCS,Burk,2006-06-06,157,7,0,0,0,0.2
WME,Crawley,2012-04-03,94,1,1,1,3,2.5
WME,Crawley,2012-04-03,94,2,2,0,0,1.5
WME,Crawley,2012-04-03,94,3,0,1,4,0.5
WME,Crawley,2012-04-03,94,4,1,1,35,1
WTH,Anderson,2010-10-28,301,1,0,1,NA,25
WTH,Anderson,2010-10-28,301,2,0,1,NA,25
WTH,Anderson,2010-10-28,301,3,0,1,NA,17.5
WTH,Anderson,2010-10-28,301,4,0,1,NA,15
WTH,Anderson,2010-10-28,301,5,0,1,NA,22
WTH,Anderson,2011-05-25,145,1,0,1,10,NA
WTH,Anderson,2011-05-25,145,2,0,1,5,NA
WTH,Anderson,2011-05-25,145,3,0,1,30,NA
WTH,Anderson,2011-05-25,145,4,0,0,0,NA
WTH,Anderson,2011-05-25,145,5,0,0,0,NA
WWE,Cahall,2004-09-23,267,1,0,1,15,NA
WWE,Cahall,2004-09-23,267,2,0,1,18,NA
WWE,Cahall,2004-09-23,267,3,1,1,2,NA
WWE,Cahall,2004-09-23,267,4,1,0,0,NA
WWE,Cahall,2005-03-16,75,1,1,1,52,NA
WWE,Cahall,2005-03-16,75,2,1,1,216,NA
WWE,Cahall,2005-03-16,75,3,1,1,85,NA
WWE,Cahall,2005-03-16,75,4,2,0,0,NA
